overtone,Dfreq_mean,Dfreq_std_dev,Dfreq_median,range_used,data_source
fundamental_freq,-5.1816816819465309E+01,8.6300386293657799E-02,-5.1813233544118702E+01,y,raw_data/Formatted-qcmi_sample.csv
3rd_freq,-1.3276526100615985E+02,2.5197216541489093E-01,-1.3277005349099636E+02,y,raw_data/Formatted-qcmi_sample.csv
5th_freq,-2.0633879819964287E+02,4.1572061455724441E-01,-2.0641358777508140E+02,y,raw_data/Formatted-qcmi_sample.csv
7th_freq,-2.7980654464723148E+02,1.0257222628972225E+00,-2.7972771361470222E+02,y,raw_data/Formatted-qcmi_sample.csv
9th_freq,-3.5377308145214300E+02,2.3752109711495630E+00,-3.5378857292234898E+02,y,raw_data/Formatted-qcmi_sample.csv
11th_freq,-4.1916630992806347E+02,2.1699874168839854E+00,-4.1925900145620108E+02,y,raw_data/Formatted-qcmi_sample.csv
13th_freq,0.0000000000000000E+00,0.0000000000000000E+00,0.0000000000000000E+00,y,raw_data/Formatted-qcmi_sample.csv
