overtone,Ddis_mean,Ddis_std_dev,Ddis_median,range_used,data_source
fundamental_dis,7.2008547093443874E-06,4.8426820424591964E-08,7.2126537400738857E-06,y,raw_data/Formatted-qcmi_sample.csv
3rd_dis,4.6664737026726363E-06,3.5435250862492430E-08,4.6664119775087064E-06,y,raw_data/Formatted-qcmi_sample.csv
5th_dis,4.2564338966464587E-06,4.0643316956056408E-08,4.2610905353956464E-06,y,raw_data/Formatted-qcmi_sample.csv
7th_dis,3.5199648360691993E-06,8.8522948507046113E-08,3.5172084152347777E-06,y,raw_data/Formatted-qcmi_sample.csv
9th_dis,2.9873685928611686E-06,1.5672464693787414E-07,2.9769513333355335E-06,y,raw_data/Formatted-qcmi_sample.csv
11th_dis,3.0590332045260998E-06,1.6345794179607479E-07,3.0773001072021756E-06,y,raw_data/Formatted-qcmi_sample.csv
13th_dis,0.0000000000000000E+00,0.0000000000000000E+00,0.0000000000000000E+00,y,raw_data/Formatted-qcmi_sample.csv
