overtone,Dm_mean,Dm_std_dev,Dm_median,range_used,data_source
1,9.1715765770453595E+02,1.5275168373977412E+00,9.1709423373090101E+02,y,raw_data/Formatted-qcmi_sample.csv
3,7.8331503993634317E+02,1.4866357759478583E+00,7.8334331559687848E+02,y,raw_data/Formatted-qcmi_sample.csv
5,7.3043934562673576E+02,1.4716509755326412E+00,7.3070410072378809E+02,y,raw_data/Formatted-qcmi_sample.csv
7,7.0751083432228529E+02,2.5936120076115605E+00,7.0731150442574710E+02,y,raw_data/Formatted-qcmi_sample.csv
9,6.9575372685588138E+02,4.6712482432608073E+00,6.9578419341395295E+02,y,raw_data/Formatted-qcmi_sample.csv
11,6.7447669870242930E+02,3.4917070253496849E+00,6.7462584779770532E+02,y,raw_data/Formatted-qcmi_sample.csv
