overtone,calibration_freq,range_used,data_source
1,4.9982646277814796E+06,y,qcmi_sample
3,1.4973129144005664E+07,y,qcmi_sample
5,2.4948804639322083E+07,y,qcmi_sample
7,3.4922997433906376E+07,y,qcmi_sample
9,4.4898694486706935E+07,y,qcmi_sample
11,5.4874430971529447E+07,y,qcmi_sample
1,5.0015582418499123E+06,y,qcmi_sample_calibration
3,1.4991216316654410E+07,y,qcmi_sample_calibration
5,2.4981123509189352E+07,y,qcmi_sample_calibration
7,3.4967865316552401E+07,y,qcmi_sample_calibration
9,4.4963413136549354E+07,y,qcmi_sample_calibration
11,5.4956102705708131E+07,y,qcmi_sample_calibration
13,6.4945996181225345E+07,y,qcmi_sample_calibration
