overtone,Ddis_mean,Ddis_std_dev,Ddis_median,range_used,data_source
fundamental_dis,7.2073137309819789E-06,4.8520360358415979E-08,7.2165841000739104E-06,x,raw_data/Formatted-qcmi_sample.csv
3rd_dis,4.6647608136359742E-06,3.9661434400027111E-08,4.6632543196087125E-06,x,raw_data/Formatted-qcmi_sample.csv
5th_dis,4.2393132346107884E-06,4.6132494743995682E-08,4.2386427899956513E-06,x,raw_data/Formatted-qcmi_sample.csv
7th_dis,3.5072355543327527E-06,8.3538999242748275E-08,3.5027036973347725E-06,x,raw_data/Formatted-qcmi_sample.csv
9th_dis,3.0011578623010224E-06,1.6448669713924705E-07,2.9805293438236319E-06,x,raw_data/Formatted-qcmi_sample.csv
11th_dis,3.0725309516771621E-06,1.6127106448667324E-07,3.0818575193600646E-06,x,raw_data/Formatted-qcmi_sample.csv
13th_dis,0.0000000000000000E+00,0.0000000000000000E+00,0.0000000000000000E+00,x,raw_data/Formatted-qcmi_sample.csv
fundamental_dis,7.2461216463052130E-06,6.2286756004324456E-08,7.2358740854738899E-06,y,raw_data/Formatted-qcmi_sample.csv
3rd_dis,4.6777582011157714E-06,4.7485418348484051E-08,4.6825357999086931E-06,y,raw_data/Formatted-qcmi_sample.csv
5th_dis,4.2201432986410911E-06,4.9374670003820910E-08,4.2134084518956328E-06,y,raw_data/Formatted-qcmi_sample.csv
7th_dis,3.4872842084701261E-06,8.4643435703073413E-08,3.4948783591347792E-06,y,raw_data/Formatted-qcmi_sample.csv
9th_dis,3.0257992862739593E-06,1.6156651024389009E-07,3.0346138338551359E-06,y,raw_data/Formatted-qcmi_sample.csv
11th_dis,3.0809844051221679E-06,1.1870839545252142E-07,3.0899159123653710E-06,y,raw_data/Formatted-qcmi_sample.csv
13th_dis,0.0000000000000000E+00,0.0000000000000000E+00,0.0000000000000000E+00,y,raw_data/Formatted-qcmi_sample.csv
fundamental_dis,7.2461216463052130E-06,6.2286756004324456E-08,7.2358740854738899E-06,y,raw_data/Formatted-qcmi_sample_global.csv
3rd_dis,4.6777582011157714E-06,4.7485418348484051E-08,4.6825357999086931E-06,y,raw_data/Formatted-qcmi_sample_global.csv
5th_dis,4.2201432986410911E-06,4.9374670003820910E-08,4.2134084518956328E-06,y,raw_data/Formatted-qcmi_sample_global.csv
7th_dis,3.4872842084701261E-06,8.4643435703073413E-08,3.4948783591347792E-06,y,raw_data/Formatted-qcmi_sample_global.csv
9th_dis,3.0257992862739593E-06,1.6156651024389009E-07,3.0346138338551359E-06,y,raw_data/Formatted-qcmi_sample_global.csv
11th_dis,3.0809844051221679E-06,1.1870839545252142E-07,3.0899159123653710E-06,y,raw_data/Formatted-qcmi_sample_global.csv
13th_dis,0.0000000000000000E+00,0.0000000000000000E+00,0.0000000000000000E+00,y,raw_data/Formatted-qcmi_sample_global.csv
