overtone,Dfreq_mean,Dfreq_std_dev,Dfreq_median,range_used,data_source
fundamental_freq,-5.1789608203815391E+01,8.9013866154208782E-02,-5.1790104444138713E+01,x,raw_data/Formatted-qcmi_sample.csv
3rd_freq,-1.3260153305498562E+02,2.8969852867307327E-01,-1.3259879749082029E+02,x,raw_data/Formatted-qcmi_sample.csv
5th_freq,-2.0609112015803049E+02,5.1604596567212258E-01,-2.0614635777473447E+02,x,raw_data/Formatted-qcmi_sample.csv
7th_freq,-2.7930958193179333E+02,1.1273604260612873E+00,-2.7927225391566753E+02,x,raw_data/Formatted-qcmi_sample.csv
9th_freq,-3.5343613429472902E+02,2.4270644464397373E+00,-3.5326836361736054E+02,x,raw_data/Formatted-qcmi_sample.csv
11th_freq,-4.1785755321330799E+02,2.8169293019193917E+00,-4.1793265085667366E+02,x,raw_data/Formatted-qcmi_sample.csv
13th_freq,0.0000000000000000E+00,0.0000000000000000E+00,0.0000000000000000E+00,x,raw_data/Formatted-qcmi_sample.csv
fundamental_freq,-5.1684007492810110E+01,9.1404529174766949E-02,-5.1677393294870853E+01,y,raw_data/Formatted-qcmi_sample.csv
3rd_freq,-1.3179678247116431E+02,3.7218491693256395E-01,-1.3182366589084268E+02,y,raw_data/Formatted-qcmi_sample.csv
5th_freq,-2.0489153671279701E+02,6.7088820610863942E-01,-2.0490107527375221E+02,y,raw_data/Formatted-qcmi_sample.csv
7th_freq,-2.7702688401237583E+02,1.4022340175305876E+00,-2.7707941401749849E+02,y,raw_data/Formatted-qcmi_sample.csv
9th_freq,-3.5116561171058754E+02,3.0214186113248651E+00,-3.5119762791693211E+02,y,raw_data/Formatted-qcmi_sample.csv
11th_freq,-4.1348314808828360E+02,2.6594911130327281E+00,-4.1374536475539207E+02,y,raw_data/Formatted-qcmi_sample.csv
13th_freq,0.0000000000000000E+00,0.0000000000000000E+00,0.0000000000000000E+00,y,raw_data/Formatted-qcmi_sample.csv
fundamental_freq,-5.1684007492810110E+01,9.1404529174766949E-02,-5.1677393294870853E+01,y,raw_data/Formatted-qcmi_sample_global.csv
3rd_freq,-1.3179678247116431E+02,3.7218491693256395E-01,-1.3182366589084268E+02,y,raw_data/Formatted-qcmi_sample_global.csv
5th_freq,-2.0489153671279701E+02,6.7088820610863942E-01,-2.0490107527375221E+02,y,raw_data/Formatted-qcmi_sample_global.csv
7th_freq,-2.7702688401237583E+02,1.4022340175305876E+00,-2.7707941401749849E+02,y,raw_data/Formatted-qcmi_sample_global.csv
9th_freq,-3.5116561171058754E+02,3.0214186113248651E+00,-3.5119762791693211E+02,y,raw_data/Formatted-qcmi_sample_global.csv
11th_freq,-4.1348314808828360E+02,2.6594911130327281E+00,-4.1374536475539207E+02,y,raw_data/Formatted-qcmi_sample_global.csv
13th_freq,0.0000000000000000E+00,0.0000000000000000E+00,0.0000000000000000E+00,y,raw_data/Formatted-qcmi_sample_global.csv
