n*Df,bandwidth_shift,bandwidth_shift_FIT,range_name,data_source
-1.62531520E-01,4.30408066E-01,-2.73037720E-01,y,raw_data/Formatted-QSense-BSA-exp.csv
-2.98116600E-01,-1.28110404E+00,-2.85984330E-02,y,raw_data/Formatted-QSense-BSA-exp.csv
-3.56955313E-01,4.74245810E-01,7.74788217E-02,y,raw_data/Formatted-QSense-BSA-exp.csv
-6.04631393E-01,1.36909037E-01,5.24001139E-01,y,raw_data/Formatted-QSense-BSA-exp.csv
-6.69675051E-01,1.30769423E+00,6.41264966E-01,y,raw_data/Formatted-QSense-BSA-exp.csv
-7.46278804E-01,6.52325520E-01,7.79369886E-01,y,raw_data/Formatted-QSense-BSA-exp.csv
