n*Df,bandwidth_shift,bandwidth_shift_FIT,range_name,data_source
-2.06356656E+02,7.86895431E+00,9.88505401E+00,qsense super good fix,raw_data/Formatted-QSense-BSA-exp.csv
-5.56766078E+02,1.30695934E+01,1.26962771E+01,qsense super good fix,raw_data/Formatted-QSense-BSA-exp.csv
-1.06752025E+03,1.78336738E+01,1.67938950E+01,qsense super good fix,raw_data/Formatted-QSense-BSA-exp.csv
-1.73456669E+03,2.32017265E+01,2.21453960E+01,qsense super good fix,raw_data/Formatted-QSense-BSA-exp.csv
-2.54823056E+03,2.99016197E+01,2.86731619E+01,qsense super good fix,raw_data/Formatted-QSense-BSA-exp.csv
-3.48705289E+03,3.45232504E+01,3.62050341E+01,qsense super good fix,raw_data/Formatted-QSense-BSA-exp.csv
