overtone,Dfreq_mean,Dfreq_std_dev,Dfreq_median,range_name,x_lower,x_upper,data_source
fundamental_freq,0.0000000000000000E+00,0.0000000000000000E+00,0.0000000000000000E+00,test2,0.0000000000000000E+00,0.0000000000000000E+00,raw_data/Formatted-QSense-BSA-exp.csv
3rd_freq,-2.2891978872006014E+01,5.7188044129510937E-02,-2.2891824781894684E+01,test2,4861.46351,5002.815210000001,raw_data/Formatted-QSense-BSA-exp.csv
5th_freq,-2.2280838571895821E+01,7.0769773998411653E-02,-2.2278701234608889E+01,test2,4861.46351,5002.815210000001,raw_data/Formatted-QSense-BSA-exp.csv
7th_freq,-2.1739125661405861E+01,7.5081555317657978E-02,-2.1740044765174389E+01,test2,4861.46351,5002.815210000001,raw_data/Formatted-QSense-BSA-exp.csv
9th_freq,-2.1371674888441209E+01,9.0805995911427004E-02,-2.1369193211197853E+01,test2,4861.46351,5002.815210000001,raw_data/Formatted-QSense-BSA-exp.csv
11th_freq,-2.1019180232403325E+01,7.2304131516161135E-02,-2.1019221439957619E+01,test2,4861.46351,5002.815210000001,raw_data/Formatted-QSense-BSA-exp.csv
13th_freq,-2.0598206695722265E+01,1.3428032760243902E-01,-2.0594227790832520E+01,test2,4861.46351,5002.815210000001,raw_data/Formatted-QSense-BSA-exp.csv
