{
    "colors": {
        "ov1": "blue",
        "ov3": "orange",
        "ov5": "green",
        "ov7": "red",
        "ov9": "purple",
        "ov11": "aqua",
        "ov13": "pink"
    },
    "font": "Arial",
    "label_text_size": "16",
    "title_text_size": "16",
    "value_text_size": "14",
    "legend_text_size": "14",
    "tick_dir": "out",
    "time_scale": "s",
    "fig_format": "png",
    "fig_dpi": 200,
    "points_plotted_index": 1,
    "time_lower_bound": "auto",
    "time_upper_bound": "auto",
    "frequency_lower_bound": "auto",
    "frequency_upper_bound": "auto",
    "dissipation_lower_bound": "auto",
    "dissipation_upper_bound": "auto"
}