freq,time,overtone,range_used,data_source
-52.135267780162394,912.9329934000001,fundamental_freq,x,qcmi_sample
-51.99799149017781,917.9829005,fundamental_freq,x,qcmi_sample
-52.212896060198545,923.0256154000001,fundamental_freq,x,qcmi_sample
-51.973157189786434,928.0577948,fundamental_freq,x,qcmi_sample
-52.06994332000613,933.0899356000001,fundamental_freq,x,qcmi_sample
-51.917731549590826,938.1235861,fundamental_freq,x,qcmi_sample
-51.96709686983377,943.1716848000001,fundamental_freq,x,qcmi_sample
-51.840784720145166,948.2162756,fundamental_freq,x,qcmi_sample
-51.87768267001957,953.2622939,fundamental_freq,x,qcmi_sample
-51.74542985018343,958.2971105,fundamental_freq,x,qcmi_sample
-51.847759819589555,963.3456369,fundamental_freq,x,qcmi_sample
-51.82363313995302,968.4045591,fundamental_freq,x,qcmi_sample
-51.81260151043534,973.4527799000001,fundamental_freq,x,qcmi_sample
-51.7319296002388,978.4929701000001,fundamental_freq,x,qcmi_sample
-51.58771404996514,983.5312580000001,fundamental_freq,x,qcmi_sample
-51.80175272002816,988.5798036000001,fundamental_freq,x,qcmi_sample
-51.75205644965172,993.6148651000001,fundamental_freq,x,qcmi_sample
-51.93327515013516,998.6498575,fundamental_freq,x,qcmi_sample
-51.8216800801456,1003.6898082,fundamental_freq,x,qcmi_sample
-51.863960339687765,1008.7298221000001,fundamental_freq,x,qcmi_sample
-51.7489670496434,1013.7782087,fundamental_freq,x,qcmi_sample
-51.65887894015759,1018.8282373000001,fundamental_freq,x,qcmi_sample
-51.7274436801672,1023.8680025000001,fundamental_freq,x,qcmi_sample
-51.73045395966619,1028.9062442,fundamental_freq,x,qcmi_sample
-51.59295242000371,1033.9479105,fundamental_freq,x,qcmi_sample
-51.767961950041354,1038.9921276,fundamental_freq,x,qcmi_sample
-51.67339638993144,1044.0225437000001,fundamental_freq,x,qcmi_sample
-51.554383230395615,1049.0720219,fundamental_freq,x,qcmi_sample
-51.58976177033037,1054.1166014,fundamental_freq,x,qcmi_sample
-51.47569637000561,1059.1626244000001,fundamental_freq,x,qcmi_sample
-51.57641573995352,1064.2134938000002,fundamental_freq,x,qcmi_sample
-51.697601770050824,1069.2497534000001,fundamental_freq,x,qcmi_sample
-51.62080916017294,1074.2839387000001,fundamental_freq,x,qcmi_sample
-51.63749471027404,1079.3332400000002,fundamental_freq,x,qcmi_sample
-51.60774810984731,1084.3817224,fundamental_freq,x,qcmi_sample
-51.707475969567895,1089.4214442,fundamental_freq,x,qcmi_sample
-51.66459861025214,1094.4644601,fundamental_freq,x,qcmi_sample
-51.72926233988255,1099.5152323,fundamental_freq,x,qcmi_sample
-51.583841290324926,1104.5582758,fundamental_freq,x,qcmi_sample
-51.67945952992886,1109.618218,fundamental_freq,x,qcmi_sample
-51.67692301981151,1114.6742215000002,fundamental_freq,x,qcmi_sample
-51.61996284965426,1119.7295331,fundamental_freq,x,qcmi_sample
-51.65195817966014,1124.7695397,fundamental_freq,x,qcmi_sample
-51.54008702002466,1129.8167918000001,fundamental_freq,x,qcmi_sample
-51.71939864009619,1134.8584975,fundamental_freq,x,qcmi_sample
-51.4928916497156,1139.8926442,fundamental_freq,x,qcmi_sample
-51.768932700157166,1144.9459661,fundamental_freq,x,qcmi_sample
-51.65187945961952,1149.9774156,fundamental_freq,x,qcmi_sample
-51.61598811019212,1155.0287379000001,fundamental_freq,x,qcmi_sample
-51.63251306023449,1160.0672513,fundamental_freq,x,qcmi_sample
-51.52518212981522,1165.1081556000001,fundamental_freq,x,qcmi_sample
-51.576716089621186,1170.1529158,fundamental_freq,x,qcmi_sample
-51.66991809010506,1175.1874644,fundamental_freq,x,qcmi_sample
-51.68811435997486,1180.2371173000001,fundamental_freq,x,qcmi_sample
-51.699007839895785,1185.2820466,fundamental_freq,x,qcmi_sample
-51.573689620010555,1190.3309747,fundamental_freq,x,qcmi_sample
-51.6127190804109,1195.3788305,fundamental_freq,x,qcmi_sample
-51.731242690235376,1200.4108013,fundamental_freq,x,qcmi_sample
-51.64936138037592,1205.4659916,fundamental_freq,x,qcmi_sample
-51.67062417976558,1210.5223599,fundamental_freq,x,qcmi_sample
-51.71900274977088,1215.565452,fundamental_freq,x,qcmi_sample
-51.63832987006754,1220.6096837,fundamental_freq,x,qcmi_sample
-51.522379480302334,1225.6426516000001,fundamental_freq,x,qcmi_sample
-51.57947366964072,1230.6989676,fundamental_freq,x,qcmi_sample
-51.63205735012889,1235.7581491,fundamental_freq,x,qcmi_sample
-51.79444658011198,1240.7956313,fundamental_freq,x,qcmi_sample
-51.718422120437026,1245.8377457000001,fundamental_freq,x,qcmi_sample
-51.72665731981397,1250.8789976,fundamental_freq,x,qcmi_sample
-51.617440190166235,1255.9189962,fundamental_freq,x,qcmi_sample
-51.578767959959805,1260.9692022000002,fundamental_freq,x,qcmi_sample
-51.686743210069835,1266.0091973,fundamental_freq,x,qcmi_sample
-51.71359604038298,1271.0434157,fundamental_freq,x,qcmi_sample
-51.60456764977425,1276.0778877,fundamental_freq,x,qcmi_sample
-51.74978634994477,1281.1079141,fundamental_freq,x,qcmi_sample
-51.594630129635334,1286.1503186,fundamental_freq,x,qcmi_sample
-51.62879871018231,1291.2039536,fundamental_freq,x,qcmi_sample
-51.59195354022086,1296.2572244,fundamental_freq,x,qcmi_sample
-51.625351400114596,1301.2873406,fundamental_freq,x,qcmi_sample
-51.76331781037152,1306.3219626,fundamental_freq,x,qcmi_sample
-51.58701447956264,1311.3644361000001,fundamental_freq,x,qcmi_sample
-51.7161386301741,1316.3984982,fundamental_freq,x,qcmi_sample
-51.61136380024254,1321.4384896000001,fundamental_freq,x,qcmi_sample
-51.804862489923835,1326.4791420000001,fundamental_freq,x,qcmi_sample
-51.726723429746926,1331.5354671,fundamental_freq,x,qcmi_sample
-51.6354696303606,1336.5918980000001,fundamental_freq,x,qcmi_sample
-51.68591427989304,1341.6457267,fundamental_freq,x,qcmi_sample
-51.59409001003951,1346.6813277,fundamental_freq,x,qcmi_sample
-51.74059078004211,1351.7140847,fundamental_freq,x,qcmi_sample
-51.783572849817574,1356.7606055,fundamental_freq,x,qcmi_sample
-51.85791307967156,1361.8032747,fundamental_freq,x,qcmi_sample
-51.6358702396974,1366.8474152000001,fundamental_freq,x,qcmi_sample
-51.575321320444345,1371.9008954,fundamental_freq,x,qcmi_sample
-51.69374669995159,1376.9552314,fundamental_freq,x,qcmi_sample
-51.659158759750426,1382.0020755,fundamental_freq,x,qcmi_sample
-51.60332688037306,1387.0455594,fundamental_freq,x,qcmi_sample
-51.92176816985011,1392.1005471,fundamental_freq,x,qcmi_sample
-51.66255593020469,1397.144217,fundamental_freq,x,qcmi_sample
-51.86820483021438,1402.1802332,fundamental_freq,x,qcmi_sample
-51.80723877996206,1407.2256782,fundamental_freq,x,qcmi_sample
-51.79209653008729,1412.2595129000001,fundamental_freq,x,qcmi_sample
-51.52260897960514,1417.2900129,fundamental_freq,x,qcmi_sample
-51.86204558983445,1422.3239482000001,fundamental_freq,x,qcmi_sample
-51.59331365954131,1427.3682602000001,fundamental_freq,x,qcmi_sample
-51.57902591023594,1432.4196381000002,fundamental_freq,x,qcmi_sample
-51.74905223958194,1437.4675893,fundamental_freq,x,qcmi_sample
-51.65746518969536,1442.5159350000001,fundamental_freq,x,qcmi_sample
-51.821965700015426,1447.5702965,fundamental_freq,x,qcmi_sample
-51.68154757004231,1452.6282912000001,fundamental_freq,x,qcmi_sample
-51.72019395977259,1457.6720458,fundamental_freq,x,qcmi_sample
-51.698601430282,1462.7120367,fundamental_freq,x,qcmi_sample
-51.648141000419855,1467.7589125,fundamental_freq,x,qcmi_sample
-51.755857969634235,1472.8042293,fundamental_freq,x,qcmi_sample
-51.63371125981212,1477.8459853000002,fundamental_freq,x,qcmi_sample
-51.726288760080934,1482.9001893,fundamental_freq,x,qcmi_sample
-51.829174620099366,1487.9434083,fundamental_freq,x,qcmi_sample
-51.66973728034645,1492.9879146,fundamental_freq,x,qcmi_sample
-51.88404794037342,1498.0382124,fundamental_freq,x,qcmi_sample
-51.83617534022778,1503.091339,fundamental_freq,x,qcmi_sample
-51.765103260055184,1508.1480833,fundamental_freq,x,qcmi_sample
-51.66307144984603,1513.1928429,fundamental_freq,x,qcmi_sample
-51.758356279693544,1518.2278373000001,fundamental_freq,x,qcmi_sample
-51.80024147965014,1523.2607125,fundamental_freq,x,qcmi_sample
-51.67542941030115,1528.3049311,fundamental_freq,x,qcmi_sample
-51.79299345985055,1533.3548552,fundamental_freq,x,qcmi_sample
-51.84337039012462,1538.3884532,fundamental_freq,x,qcmi_sample
-51.75291800964624,1543.4275962000002,fundamental_freq,x,qcmi_sample
-51.829661229625344,1548.4577135,fundamental_freq,x,qcmi_sample
-51.79292300995439,1553.5045552000001,fundamental_freq,x,qcmi_sample
-51.6479664798826,1558.5426602,fundamental_freq,x,qcmi_sample
-51.76793246995658,1563.5866258,fundamental_freq,x,qcmi_sample
-51.6487058699131,1568.6208696,fundamental_freq,x,qcmi_sample
-51.793205419555306,1573.6805592,fundamental_freq,x,qcmi_sample
-51.91467737965286,1578.7245747,fundamental_freq,x,qcmi_sample
-51.68166248034686,1583.7566339,fundamental_freq,x,qcmi_sample
-51.78758366033435,1588.8066481,fundamental_freq,x,qcmi_sample
-51.697509629651904,1593.8550204,fundamental_freq,x,qcmi_sample
-51.72558312024921,1598.8950295,fundamental_freq,x,qcmi_sample
-51.63867134042084,1603.9435774,fundamental_freq,x,qcmi_sample
-51.671821779571474,1608.9927219,fundamental_freq,x,qcmi_sample
-51.649292290210724,1614.0230729,fundamental_freq,x,qcmi_sample
-51.71642437018454,1619.0597623,fundamental_freq,x,qcmi_sample
-51.69002936966717,1624.1087206,fundamental_freq,x,qcmi_sample
-51.69954643957317,1629.1489393000002,fundamental_freq,x,qcmi_sample
-51.77768228016794,1634.1967878,fundamental_freq,x,qcmi_sample
-51.92175367008895,1639.2563445,fundamental_freq,x,qcmi_sample
-51.888187809847295,1644.3133468,fundamental_freq,x,qcmi_sample
-51.70363906957209,1649.3630446,fundamental_freq,x,qcmi_sample
-51.87280012015253,1654.4031449000001,fundamental_freq,x,qcmi_sample
-51.803438330069184,1659.4471647,fundamental_freq,x,qcmi_sample
-51.66978891007602,1664.5805761000001,fundamental_freq,x,qcmi_sample
-51.72117361985147,1669.6293170000001,fundamental_freq,x,qcmi_sample
-51.69683890044689,1674.6724561,fundamental_freq,x,qcmi_sample
-51.76126292999834,1679.7123348,fundamental_freq,x,qcmi_sample
-51.71332425996661,1684.7594572,fundamental_freq,x,qcmi_sample
-51.74918725993484,1689.8041950000002,fundamental_freq,x,qcmi_sample
-51.86988866981119,1694.8416069,fundamental_freq,x,qcmi_sample
-51.85683165024966,1699.8906531,fundamental_freq,x,qcmi_sample
-51.88845345005393,1704.9389964,fundamental_freq,x,qcmi_sample
-51.83884838037193,1709.9931773,fundamental_freq,x,qcmi_sample
-51.75318474043161,1715.0525945,fundamental_freq,x,qcmi_sample
-51.714663499966264,1720.1048336000001,fundamental_freq,x,qcmi_sample
-51.80636585969478,1725.1485677,fundamental_freq,x,qcmi_sample
-51.89865303039551,1730.1956631,fundamental_freq,x,qcmi_sample
-51.911664630286396,1735.2395729,fundamental_freq,x,qcmi_sample
-51.9048371296376,1740.2853578000002,fundamental_freq,x,qcmi_sample
-51.772986410185695,1745.3181579,fundamental_freq,x,qcmi_sample
-51.6248664399609,1750.356716,fundamental_freq,x,qcmi_sample
-51.802440729923546,1755.397379,fundamental_freq,x,qcmi_sample
-51.741209289990366,1760.447337,fundamental_freq,x,qcmi_sample
-51.8118320601061,1765.4909261,fundamental_freq,x,qcmi_sample
-51.671170639805496,1770.5300038,fundamental_freq,x,qcmi_sample
-51.69205662980676,1775.5694678,fundamental_freq,x,qcmi_sample
-51.875055680051446,1780.6250776,fundamental_freq,x,qcmi_sample
-51.72030931990594,1785.6670188,fundamental_freq,x,qcmi_sample
-51.72513200994581,1790.7017651,fundamental_freq,x,qcmi_sample
-51.87888132967055,1795.7424685,fundamental_freq,x,qcmi_sample
-51.70809791982174,1800.7812084,fundamental_freq,x,qcmi_sample
-52.00123270973563,1805.8212329,fundamental_freq,x,qcmi_sample
-51.84894143976271,1810.8809168,fundamental_freq,x,qcmi_sample
-51.88082247041166,1815.9277122,fundamental_freq,x,qcmi_sample
-51.80050433985889,1820.9728532000001,fundamental_freq,x,qcmi_sample
-51.8055775295943,1826.0262203,fundamental_freq,x,qcmi_sample
-51.79482791014016,1831.0760423000002,fundamental_freq,x,qcmi_sample
-51.7014897800982,1836.1260867,fundamental_freq,x,qcmi_sample
-51.75875565037131,1841.1830828,fundamental_freq,x,qcmi_sample
-51.95029191020876,1846.2322194,fundamental_freq,x,qcmi_sample
-51.78899812977761,1851.2748357,fundamental_freq,x,qcmi_sample
-51.86759542953223,1856.3265876,fundamental_freq,x,qcmi_sample
-51.7389799002558,1861.3667209,fundamental_freq,x,qcmi_sample
-51.816464870236814,1866.4128075,fundamental_freq,x,qcmi_sample
-51.73733409959823,1871.4628805,fundamental_freq,x,qcmi_sample
-51.80245712026954,1876.5189028,fundamental_freq,x,qcmi_sample
-51.90848731994629,1881.5527149,fundamental_freq,x,qcmi_sample
-51.83012664038688,1886.5967268,fundamental_freq,x,qcmi_sample
-51.828623100183904,1891.6401592,fundamental_freq,x,qcmi_sample
-51.7225178303197,1896.6781023,fundamental_freq,x,qcmi_sample
-51.909278159961104,1901.7127444,fundamental_freq,x,qcmi_sample
-51.91380248963833,1906.7363593,fundamental_freq,x,qcmi_sample
-51.782448429614305,1911.7752775000001,fundamental_freq,x,qcmi_sample
-52.01992512028664,1916.8093625000001,fundamental_freq,x,qcmi_sample
-51.86929459031671,1921.8569634,fundamental_freq,x,qcmi_sample
-51.67577240988612,1926.9008246,fundamental_freq,x,qcmi_sample
-51.81382186990231,1931.9490173000002,fundamental_freq,x,qcmi_sample
-131.36581018194556,912.9329934000001,3rd_freq,x,qcmi_sample
-131.58388268202543,917.9829005,3rd_freq,x,qcmi_sample
-131.86429708264768,923.0256154000001,3rd_freq,x,qcmi_sample
-131.91371438279748,928.0577948,3rd_freq,x,qcmi_sample
-131.64456948265433,933.0899356000001,3rd_freq,x,qcmi_sample
-132.04471698217094,938.1235861,3rd_freq,x,qcmi_sample
-131.3486403822899,943.1716848000001,3rd_freq,x,qcmi_sample
-131.7017636820674,948.2162756,3rd_freq,x,qcmi_sample
-131.37530698254704,953.2622939,3rd_freq,x,qcmi_sample
-131.55998188257217,958.2971105,3rd_freq,x,qcmi_sample
-131.5680247824639,963.3456369,3rd_freq,x,qcmi_sample
-131.52232628315687,968.4045591,3rd_freq,x,qcmi_sample
-131.11303028278053,973.4527799000001,3rd_freq,x,qcmi_sample
-131.36741828359663,978.4929701000001,3rd_freq,x,qcmi_sample
-131.44375648349524,983.5312580000001,3rd_freq,x,qcmi_sample
-131.93823408335447,988.5798036000001,3rd_freq,x,qcmi_sample
-131.68335658311844,993.6148651000001,3rd_freq,x,qcmi_sample
-131.92346608266234,998.6498575,3rd_freq,x,qcmi_sample
-131.09516518190503,1003.6898082,3rd_freq,x,qcmi_sample
-131.58054098300636,1008.7298221000001,3rd_freq,x,qcmi_sample
-131.15817358344793,1013.7782087,3rd_freq,x,qcmi_sample
-131.52678288333118,1018.8282373000001,3rd_freq,x,qcmi_sample
-131.32873058319092,1023.8680025000001,3rd_freq,x,qcmi_sample
-131.0199170820415,1028.9062442,3rd_freq,x,qcmi_sample
-131.53878188319504,1033.9479105,3rd_freq,x,qcmi_sample
-131.25583678297698,1038.9921276,3rd_freq,x,qcmi_sample
-131.41748588345945,1044.0225437000001,3rd_freq,x,qcmi_sample
-131.4266102835536,1049.0720219,3rd_freq,x,qcmi_sample
-131.27565788291395,1054.1166014,3rd_freq,x,qcmi_sample
-131.21109148301184,1059.1626244000001,3rd_freq,x,qcmi_sample
-131.18547098338604,1064.2134938000002,3rd_freq,x,qcmi_sample
-131.65316218324006,1069.2497534000001,3rd_freq,x,qcmi_sample
-131.53512008301914,1074.2839387000001,3rd_freq,x,qcmi_sample
-131.4089432824403,1079.3332400000002,3rd_freq,x,qcmi_sample
-131.83054948225617,1084.3817224,3rd_freq,x,qcmi_sample
-131.47075218334794,1089.4214442,3rd_freq,x,qcmi_sample
-131.63743178360164,1094.4644601,3rd_freq,x,qcmi_sample
-132.04631688259542,1099.5152323,3rd_freq,x,qcmi_sample
-131.7500214818865,1104.5582758,3rd_freq,x,qcmi_sample
-131.54042178206146,1109.618218,3rd_freq,x,qcmi_sample
-131.48918288201094,1114.6742215000002,3rd_freq,x,qcmi_sample
-131.49983468279243,1119.7295331,3rd_freq,x,qcmi_sample
-131.7363565824926,1124.7695397,3rd_freq,x,qcmi_sample
-131.39544618315995,1129.8167918000001,3rd_freq,x,qcmi_sample
-131.2496616821736,1134.8584975,3rd_freq,x,qcmi_sample
-131.62615268304944,1139.8926442,3rd_freq,x,qcmi_sample
-131.42565708234906,1144.9459661,3rd_freq,x,qcmi_sample
-131.36833938211203,1149.9774156,3rd_freq,x,qcmi_sample
-131.55971808359027,1155.0287379000001,3rd_freq,x,qcmi_sample
-131.63549098186195,1160.0672513,3rd_freq,x,qcmi_sample
-131.5970687828958,1165.1081556000001,3rd_freq,x,qcmi_sample
-131.62186618335545,1170.1529158,3rd_freq,x,qcmi_sample
-131.99966358207166,1175.1874644,3rd_freq,x,qcmi_sample
-131.798890883103,1180.2371173000001,3rd_freq,x,qcmi_sample
-131.56311628222466,1185.2820466,3rd_freq,x,qcmi_sample
-131.92178318277,1190.3309747,3rd_freq,x,qcmi_sample
-131.830443283543,1195.3788305,3rd_freq,x,qcmi_sample
-131.75608058273792,1200.4108013,3rd_freq,x,qcmi_sample
-131.8012635819614,1205.4659916,3rd_freq,x,qcmi_sample
-132.0182309821248,1210.5223599,3rd_freq,x,qcmi_sample
-131.74004498310387,1215.565452,3rd_freq,x,qcmi_sample
-131.91502108238637,1220.6096837,3rd_freq,x,qcmi_sample
-132.2538027819246,1225.6426516000001,3rd_freq,x,qcmi_sample
-131.7319141831249,1230.6989676,3rd_freq,x,qcmi_sample
-131.8888077829033,1235.7581491,3rd_freq,x,qcmi_sample
-132.1973831821233,1240.7956313,3rd_freq,x,qcmi_sample
-131.95735708251595,1245.8377457000001,3rd_freq,x,qcmi_sample
-131.65959598310292,1250.8789976,3rd_freq,x,qcmi_sample
-131.646242082119,1255.9189962,3rd_freq,x,qcmi_sample
-132.16343798302114,1260.9692022000002,3rd_freq,x,qcmi_sample
-132.09822608344257,1266.0091973,3rd_freq,x,qcmi_sample
-131.89842708222568,1271.0434157,3rd_freq,x,qcmi_sample
-131.884899482131,1276.0778877,3rd_freq,x,qcmi_sample
-132.06730178371072,1281.1079141,3rd_freq,x,qcmi_sample
-132.1507135834545,1286.1503186,3rd_freq,x,qcmi_sample
-131.65667318366468,1291.2039536,3rd_freq,x,qcmi_sample
-132.30985628254712,1296.2572244,3rd_freq,x,qcmi_sample
-131.93903588317335,1301.2873406,3rd_freq,x,qcmi_sample
-131.96187468245625,1306.3219626,3rd_freq,x,qcmi_sample
-132.00282728299499,1311.3644361000001,3rd_freq,x,qcmi_sample
-132.34294718317688,1316.3984982,3rd_freq,x,qcmi_sample
-131.876304583624,1321.4384896000001,3rd_freq,x,qcmi_sample
-131.8944862820208,1326.4791420000001,3rd_freq,x,qcmi_sample
-131.82188508287072,1331.5354671,3rd_freq,x,qcmi_sample
-132.24030258320272,1336.5918980000001,3rd_freq,x,qcmi_sample
-132.34476038254797,1341.6457267,3rd_freq,x,qcmi_sample
-132.18492388352752,1346.6813277,3rd_freq,x,qcmi_sample
-132.0882979836315,1351.7140847,3rd_freq,x,qcmi_sample
-132.25084108300507,1356.7606055,3rd_freq,x,qcmi_sample
-132.19709858298302,1361.8032747,3rd_freq,x,qcmi_sample
-132.06072228215635,1366.8474152000001,3rd_freq,x,qcmi_sample
-132.23082968220115,1371.9008954,3rd_freq,x,qcmi_sample
-132.5405815821141,1376.9552314,3rd_freq,x,qcmi_sample
-132.3341645821929,1382.0020755,3rd_freq,x,qcmi_sample
-132.27947778254747,1387.0455594,3rd_freq,x,qcmi_sample
-132.20477518253028,1392.1005471,3rd_freq,x,qcmi_sample
-132.14485948346555,1397.144217,3rd_freq,x,qcmi_sample
-131.95968038216233,1402.1802332,3rd_freq,x,qcmi_sample
-131.8734101820737,1407.2256782,3rd_freq,x,qcmi_sample
-132.12409848347306,1412.2595129000001,3rd_freq,x,qcmi_sample
-132.68253388255835,1417.2900129,3rd_freq,x,qcmi_sample
-132.31783358193934,1422.3239482000001,3rd_freq,x,qcmi_sample
-132.05214618332684,1427.3682602000001,3rd_freq,x,qcmi_sample
-132.22018278203905,1432.4196381000002,3rd_freq,x,qcmi_sample
-132.16509688273072,1437.4675893,3rd_freq,x,qcmi_sample
-132.26268678344786,1442.5159350000001,3rd_freq,x,qcmi_sample
-132.08360568247736,1447.5702965,3rd_freq,x,qcmi_sample
-132.00847508199513,1452.6282912000001,3rd_freq,x,qcmi_sample
-132.10296908207238,1457.6720458,3rd_freq,x,qcmi_sample
-132.00248498283327,1462.7120367,3rd_freq,x,qcmi_sample
-132.2696278821677,1467.7589125,3rd_freq,x,qcmi_sample
-132.1877511832863,1472.8042293,3rd_freq,x,qcmi_sample
-132.52385398186743,1477.8459853000002,3rd_freq,x,qcmi_sample
-132.88215368241072,1482.9001893,3rd_freq,x,qcmi_sample
-132.2644107826054,1487.9434083,3rd_freq,x,qcmi_sample
-132.07703198306262,1492.9879146,3rd_freq,x,qcmi_sample
-132.27487628348172,1498.0382124,3rd_freq,x,qcmi_sample
-132.5594524834305,1503.091339,3rd_freq,x,qcmi_sample
-132.64316678233445,1508.1480833,3rd_freq,x,qcmi_sample
-131.97238778322935,1513.1928429,3rd_freq,x,qcmi_sample
-132.6181185822934,1518.2278373000001,3rd_freq,x,qcmi_sample
-132.45188538357615,1523.2607125,3rd_freq,x,qcmi_sample
-132.7296501826495,1528.3049311,3rd_freq,x,qcmi_sample
-132.35991478338838,1533.3548552,3rd_freq,x,qcmi_sample
-132.3591172825545,1538.3884532,3rd_freq,x,qcmi_sample
-132.60286508314312,1543.4275962000002,3rd_freq,x,qcmi_sample
-132.75913988240063,1548.4577135,3rd_freq,x,qcmi_sample
-132.57971738278866,1553.5045552000001,3rd_freq,x,qcmi_sample
-132.60822618193924,1558.5426602,3rd_freq,x,qcmi_sample
-132.54988818243146,1563.5866258,3rd_freq,x,qcmi_sample
-132.42326578311622,1568.6208696,3rd_freq,x,qcmi_sample
-132.56401108205318,1573.6805592,3rd_freq,x,qcmi_sample
-132.4009907823056,1578.7245747,3rd_freq,x,qcmi_sample
-132.4784408826381,1583.7566339,3rd_freq,x,qcmi_sample
-132.37451048195362,1588.8066481,3rd_freq,x,qcmi_sample
-132.85847968235612,1593.8550204,3rd_freq,x,qcmi_sample
-132.7391073834151,1598.8950295,3rd_freq,x,qcmi_sample
-132.4832648821175,1603.9435774,3rd_freq,x,qcmi_sample
-132.76779538206756,1608.9927219,3rd_freq,x,qcmi_sample
-132.25342078320682,1614.0230729,3rd_freq,x,qcmi_sample
-132.4892963822931,1619.0597623,3rd_freq,x,qcmi_sample
-132.59980688244104,1624.1087206,3rd_freq,x,qcmi_sample
-132.38968738354743,1629.1489393000002,3rd_freq,x,qcmi_sample
-132.7800420820713,1634.1967878,3rd_freq,x,qcmi_sample
-132.6732530836016,1639.2563445,3rd_freq,x,qcmi_sample
-132.88865138217807,1644.3133468,3rd_freq,x,qcmi_sample
-132.7988607827574,1649.3630446,3rd_freq,x,qcmi_sample
-132.39352988265455,1654.4031449000001,3rd_freq,x,qcmi_sample
-132.68807718344033,1659.4471647,3rd_freq,x,qcmi_sample
-132.42071388289332,1664.5805761000001,3rd_freq,x,qcmi_sample
-132.79787068255246,1669.6293170000001,3rd_freq,x,qcmi_sample
-132.4764032829553,1674.6724561,3rd_freq,x,qcmi_sample
-132.78072018362582,1679.7123348,3rd_freq,x,qcmi_sample
-132.64329668320715,1684.7594572,3rd_freq,x,qcmi_sample
-133.0220732819289,1689.8041950000002,3rd_freq,x,qcmi_sample
-132.96753748320043,1694.8416069,3rd_freq,x,qcmi_sample
-132.6366417836398,1699.8906531,3rd_freq,x,qcmi_sample
-132.54208058305085,1704.9389964,3rd_freq,x,qcmi_sample
-132.81757558323443,1709.9931773,3rd_freq,x,qcmi_sample
-132.96695798262954,1715.0525945,3rd_freq,x,qcmi_sample
-133.24091198295355,1720.1048336000001,3rd_freq,x,qcmi_sample
-132.97984728217125,1725.1485677,3rd_freq,x,qcmi_sample
-132.43687038309872,1730.1956631,3rd_freq,x,qcmi_sample
-133.13282798230648,1735.2395729,3rd_freq,x,qcmi_sample
-133.00648928247392,1740.2853578000002,3rd_freq,x,qcmi_sample
-132.5150161832571,1745.3181579,3rd_freq,x,qcmi_sample
-132.9970824830234,1750.356716,3rd_freq,x,qcmi_sample
-132.1412368826568,1755.397379,3rd_freq,x,qcmi_sample
-132.8751192819327,1760.447337,3rd_freq,x,qcmi_sample
-132.405334783718,1765.4909261,3rd_freq,x,qcmi_sample
-132.6114167831838,1770.5300038,3rd_freq,x,qcmi_sample
-132.59302238188684,1775.5694678,3rd_freq,x,qcmi_sample
-132.5560083836317,1780.6250776,3rd_freq,x,qcmi_sample
-132.7624805830419,1785.6670188,3rd_freq,x,qcmi_sample
-132.9556844830513,1790.7017651,3rd_freq,x,qcmi_sample
-132.75312978215516,1795.7424685,3rd_freq,x,qcmi_sample
-132.86973918229342,1800.7812084,3rd_freq,x,qcmi_sample
-133.22229048237205,1805.8212329,3rd_freq,x,qcmi_sample
-132.84481468237936,1810.8809168,3rd_freq,x,qcmi_sample
-132.66195648349822,1815.9277122,3rd_freq,x,qcmi_sample
-133.02545718289912,1820.9728532000001,3rd_freq,x,qcmi_sample
-132.6940819825977,1826.0262203,3rd_freq,x,qcmi_sample
-132.9403553828597,1831.0760423000002,3rd_freq,x,qcmi_sample
-132.86241228319705,1836.1260867,3rd_freq,x,qcmi_sample
-132.6735586822033,1841.1830828,3rd_freq,x,qcmi_sample
-132.67033488303423,1846.2322194,3rd_freq,x,qcmi_sample
-132.78385988250375,1851.2748357,3rd_freq,x,qcmi_sample
-133.13190848194063,1856.3265876,3rd_freq,x,qcmi_sample
-132.85710618272424,1861.3667209,3rd_freq,x,qcmi_sample
-132.65652238205075,1866.4128075,3rd_freq,x,qcmi_sample
-133.0353521835059,1871.4628805,3rd_freq,x,qcmi_sample
-133.09840578213334,1876.5189028,3rd_freq,x,qcmi_sample
-133.34880368225276,1881.5527149,3rd_freq,x,qcmi_sample
-132.97049668245018,1886.5967268,3rd_freq,x,qcmi_sample
-132.70349878259003,1891.6401592,3rd_freq,x,qcmi_sample
-132.95622168295085,1896.6781023,3rd_freq,x,qcmi_sample
-132.64231438189745,1901.7127444,3rd_freq,x,qcmi_sample
-132.6801609825343,1906.7363593,3rd_freq,x,qcmi_sample
-132.71566248312593,1911.7752775000001,3rd_freq,x,qcmi_sample
-132.89820798300207,1916.8093625000001,3rd_freq,x,qcmi_sample
-132.65513068251312,1921.8569634,3rd_freq,x,qcmi_sample
-132.8784181829542,1926.9008246,3rd_freq,x,qcmi_sample
-133.17555088363588,1931.9490173000002,3rd_freq,x,qcmi_sample
-204.04994409903884,912.9329934000001,5th_freq,x,qcmi_sample
-204.2708035968244,917.9829005,5th_freq,x,qcmi_sample
-204.98217249661684,923.0256154000001,5th_freq,x,qcmi_sample
-204.14773109927773,928.0577948,5th_freq,x,qcmi_sample
-204.5668990984559,933.0899356000001,5th_freq,x,qcmi_sample
-203.90167089924216,938.1235861,5th_freq,x,qcmi_sample
-204.18116849660873,943.1716848000001,5th_freq,x,qcmi_sample
-203.9808796979487,948.2162756,5th_freq,x,qcmi_sample
-204.5149828977883,953.2622939,5th_freq,x,qcmi_sample
-204.08612759783864,958.2971105,5th_freq,x,qcmi_sample
-204.21782589703798,963.3456369,5th_freq,x,qcmi_sample
-204.40080719813704,968.4045591,5th_freq,x,qcmi_sample
-203.88330879807472,973.4527799000001,5th_freq,x,qcmi_sample
-203.85103929787874,978.4929701000001,5th_freq,x,qcmi_sample
-204.10955709591508,983.5312580000001,5th_freq,x,qcmi_sample
-204.22185219824314,988.5798036000001,5th_freq,x,qcmi_sample
-204.64125029742718,993.6148651000001,5th_freq,x,qcmi_sample
-203.64250709861517,998.6498575,5th_freq,x,qcmi_sample
-203.65684639662504,1003.6898082,5th_freq,x,qcmi_sample
-203.4531105980277,1008.7298221000001,5th_freq,x,qcmi_sample
-204.3909602984786,1013.7782087,5th_freq,x,qcmi_sample
-204.74209759756923,1018.8282373000001,5th_freq,x,qcmi_sample
-204.25081479921937,1023.8680025000001,5th_freq,x,qcmi_sample
-204.4606577977538,1028.9062442,5th_freq,x,qcmi_sample
-204.01694829761982,1033.9479105,5th_freq,x,qcmi_sample
-203.751222897321,1038.9921276,5th_freq,x,qcmi_sample
-203.76798769831657,1044.0225437000001,5th_freq,x,qcmi_sample
-204.1018325984478,1049.0720219,5th_freq,x,qcmi_sample
-203.3885575979948,1054.1166014,5th_freq,x,qcmi_sample
-204.73047659918666,1059.1626244000001,5th_freq,x,qcmi_sample
-203.76587049663067,1064.2134938000002,5th_freq,x,qcmi_sample
-204.36919789761305,1069.2497534000001,5th_freq,x,qcmi_sample
-203.8353883959353,1074.2839387000001,5th_freq,x,qcmi_sample
-204.4479253962636,1079.3332400000002,5th_freq,x,qcmi_sample
-204.56475219875574,1084.3817224,5th_freq,x,qcmi_sample
-204.23170539736748,1089.4214442,5th_freq,x,qcmi_sample
-203.66861069574952,1094.4644601,5th_freq,x,qcmi_sample
-204.9477808959782,1099.5152323,5th_freq,x,qcmi_sample
-204.27754109725356,1104.5582758,5th_freq,x,qcmi_sample
-204.16971729695797,1109.618218,5th_freq,x,qcmi_sample
-204.83958579599857,1114.6742215000002,5th_freq,x,qcmi_sample
-204.70241779834032,1119.7295331,5th_freq,x,qcmi_sample
-205.01763739809394,1124.7695397,5th_freq,x,qcmi_sample
-203.99000069871545,1129.8167918000001,5th_freq,x,qcmi_sample
-204.87586729601026,1134.8584975,5th_freq,x,qcmi_sample
-204.58678349852562,1139.8926442,5th_freq,x,qcmi_sample
-204.61819979920983,1144.9459661,5th_freq,x,qcmi_sample
-204.93213599920273,1149.9774156,5th_freq,x,qcmi_sample
-204.90882289782166,1155.0287379000001,5th_freq,x,qcmi_sample
-204.19029269739985,1160.0672513,5th_freq,x,qcmi_sample
-203.89226149767637,1165.1081556000001,5th_freq,x,qcmi_sample
-204.18279019743204,1170.1529158,5th_freq,x,qcmi_sample
-203.33788379654288,1175.1874644,5th_freq,x,qcmi_sample
-204.43569169938564,1180.2371173000001,5th_freq,x,qcmi_sample
-204.01532469689846,1185.2820466,5th_freq,x,qcmi_sample
-204.69395439699292,1190.3309747,5th_freq,x,qcmi_sample
-204.66140369698405,1195.3788305,5th_freq,x,qcmi_sample
-204.48359619826078,1200.4108013,5th_freq,x,qcmi_sample
-204.5828901976347,1205.4659916,5th_freq,x,qcmi_sample
-204.41373379901052,1210.5223599,5th_freq,x,qcmi_sample
-204.48811249807477,1215.565452,5th_freq,x,qcmi_sample
-205.3586626984179,1220.6096837,5th_freq,x,qcmi_sample
-204.82075459882617,1225.6426516000001,5th_freq,x,qcmi_sample
-204.8716037981212,1230.6989676,5th_freq,x,qcmi_sample
-205.09783009812236,1235.7581491,5th_freq,x,qcmi_sample
-205.1622482985258,1240.7956313,5th_freq,x,qcmi_sample
-204.8663432970643,1245.8377457000001,5th_freq,x,qcmi_sample
-205.50109979882836,1250.8789976,5th_freq,x,qcmi_sample
-205.61913919821382,1255.9189962,5th_freq,x,qcmi_sample
-205.01169319823384,1260.9692022000002,5th_freq,x,qcmi_sample
-204.558957695961,1266.0091973,5th_freq,x,qcmi_sample
-204.24496629834175,1271.0434157,5th_freq,x,qcmi_sample
-205.53090059757233,1276.0778877,5th_freq,x,qcmi_sample
-205.01215129718184,1281.1079141,5th_freq,x,qcmi_sample
-205.82897529751062,1286.1503186,5th_freq,x,qcmi_sample
-205.36496279761195,1291.2039536,5th_freq,x,qcmi_sample
-204.3394445963204,1296.2572244,5th_freq,x,qcmi_sample
-204.8183872960508,1301.2873406,5th_freq,x,qcmi_sample
-204.757794495672,1306.3219626,5th_freq,x,qcmi_sample
-204.3700406961143,1311.3644361000001,5th_freq,x,qcmi_sample
-204.79077729582787,1316.3984982,5th_freq,x,qcmi_sample
-204.61649369820952,1321.4384896000001,5th_freq,x,qcmi_sample
-204.28972059860826,1326.4791420000001,5th_freq,x,qcmi_sample
-205.75776429846883,1331.5354671,5th_freq,x,qcmi_sample
-205.38430589810014,1336.5918980000001,5th_freq,x,qcmi_sample
-205.2953803986311,1341.6457267,5th_freq,x,qcmi_sample
-204.8918314985931,1346.6813277,5th_freq,x,qcmi_sample
-205.05657759681344,1351.7140847,5th_freq,x,qcmi_sample
-205.35063179582357,1356.7606055,5th_freq,x,qcmi_sample
-205.66761339828372,1361.8032747,5th_freq,x,qcmi_sample
-206.04951099678874,1366.8474152000001,5th_freq,x,qcmi_sample
-205.2348024956882,1371.9008954,5th_freq,x,qcmi_sample
-205.84160659834743,1376.9552314,5th_freq,x,qcmi_sample
-205.41448079794645,1382.0020755,5th_freq,x,qcmi_sample
-205.37818259745836,1387.0455594,5th_freq,x,qcmi_sample
-205.7852475978434,1392.1005471,5th_freq,x,qcmi_sample
-205.866795796901,1397.144217,5th_freq,x,qcmi_sample
-206.4711341969669,1402.1802332,5th_freq,x,qcmi_sample
-205.52628599852324,1407.2256782,5th_freq,x,qcmi_sample
-206.2097887992859,1412.2595129000001,5th_freq,x,qcmi_sample
-204.84790129587054,1417.2900129,5th_freq,x,qcmi_sample
-204.94174709916115,1422.3239482000001,5th_freq,x,qcmi_sample
-206.2004018984735,1427.3682602000001,5th_freq,x,qcmi_sample
-205.2116037979722,1432.4196381000002,5th_freq,x,qcmi_sample
-204.98226549848914,1437.4675893,5th_freq,x,qcmi_sample
-204.93140429630876,1442.5159350000001,5th_freq,x,qcmi_sample
-205.39838589727879,1447.5702965,5th_freq,x,qcmi_sample
-205.58844159916043,1452.6282912000001,5th_freq,x,qcmi_sample
-204.85611229762435,1457.6720458,5th_freq,x,qcmi_sample
-205.71522069722414,1462.7120367,5th_freq,x,qcmi_sample
-205.33499259874225,1467.7589125,5th_freq,x,qcmi_sample
-204.48996249586344,1472.8042293,5th_freq,x,qcmi_sample
-205.6042276993394,1477.8459853000002,5th_freq,x,qcmi_sample
-204.56903379783034,1482.9001893,5th_freq,x,qcmi_sample
-205.43786649778485,1487.9434083,5th_freq,x,qcmi_sample
-205.85829339921474,1492.9879146,5th_freq,x,qcmi_sample
-205.35253749787807,1498.0382124,5th_freq,x,qcmi_sample
-205.3501724973321,1503.091339,5th_freq,x,qcmi_sample
-206.17742719873786,1508.1480833,5th_freq,x,qcmi_sample
-205.66236859932542,1513.1928429,5th_freq,x,qcmi_sample
-204.6621501967311,1518.2278373000001,5th_freq,x,qcmi_sample
-206.34381829574704,1523.2607125,5th_freq,x,qcmi_sample
-206.18140589818358,1528.3049311,5th_freq,x,qcmi_sample
-205.3463502973318,1533.3548552,5th_freq,x,qcmi_sample
-205.91372799873352,1538.3884532,5th_freq,x,qcmi_sample
-206.17143189907074,1543.4275962000002,5th_freq,x,qcmi_sample
-205.76547279581428,1548.4577135,5th_freq,x,qcmi_sample
-206.29908049851656,1553.5045552000001,5th_freq,x,qcmi_sample
-205.541539195925,1558.5426602,5th_freq,x,qcmi_sample
-206.12658789753914,1563.5866258,5th_freq,x,qcmi_sample
-205.84560979902744,1568.6208696,5th_freq,x,qcmi_sample
-206.0170841962099,1573.6805592,5th_freq,x,qcmi_sample
-205.32131219655275,1578.7245747,5th_freq,x,qcmi_sample
-206.2288875989616,1583.7566339,5th_freq,x,qcmi_sample
-205.75827659666538,1588.8066481,5th_freq,x,qcmi_sample
-205.5516846962273,1593.8550204,5th_freq,x,qcmi_sample
-206.1281346976757,1598.8950295,5th_freq,x,qcmi_sample
-205.96811889857054,1603.9435774,5th_freq,x,qcmi_sample
-206.418946698308,1608.9927219,5th_freq,x,qcmi_sample
-206.4829061962664,1614.0230729,5th_freq,x,qcmi_sample
-205.67797109857202,1619.0597623,5th_freq,x,qcmi_sample
-206.15173849835992,1624.1087206,5th_freq,x,qcmi_sample
-205.7651991993189,1629.1489393000002,5th_freq,x,qcmi_sample
-206.06605829671025,1634.1967878,5th_freq,x,qcmi_sample
-205.62814079597592,1639.2563445,5th_freq,x,qcmi_sample
-206.32510089874268,1644.3133468,5th_freq,x,qcmi_sample
-205.6098135970533,1649.3630446,5th_freq,x,qcmi_sample
-206.0429867990315,1654.4031449000001,5th_freq,x,qcmi_sample
-205.14459219574928,1659.4471647,5th_freq,x,qcmi_sample
-206.13167069852352,1664.5805761000001,5th_freq,x,qcmi_sample
-205.6864255964756,1669.6293170000001,5th_freq,x,qcmi_sample
-205.2579284980893,1674.6724561,5th_freq,x,qcmi_sample
-206.215161498636,1679.7123348,5th_freq,x,qcmi_sample
-206.33165899664164,1684.7594572,5th_freq,x,qcmi_sample
-205.89452979713678,1689.8041950000002,5th_freq,x,qcmi_sample
-206.17458369582891,1694.8416069,5th_freq,x,qcmi_sample
-206.37808599695563,1699.8906531,5th_freq,x,qcmi_sample
-206.35359639674425,1704.9389964,5th_freq,x,qcmi_sample
-206.10813969746232,1709.9931773,5th_freq,x,qcmi_sample
-205.7004225961864,1715.0525945,5th_freq,x,qcmi_sample
-204.92488799616694,1720.1048336000001,5th_freq,x,qcmi_sample
-206.43434419855475,1725.1485677,5th_freq,x,qcmi_sample
-207.07284799590707,1730.1956631,5th_freq,x,qcmi_sample
-206.54083849862218,1735.2395729,5th_freq,x,qcmi_sample
-206.39648519828916,1740.2853578000002,5th_freq,x,qcmi_sample
-206.2009314969182,1745.3181579,5th_freq,x,qcmi_sample
-206.44578959792852,1750.356716,5th_freq,x,qcmi_sample
-206.06726209819317,1755.397379,5th_freq,x,qcmi_sample
-206.21174589917064,1760.447337,5th_freq,x,qcmi_sample
-205.51258899644017,1765.4909261,5th_freq,x,qcmi_sample
-205.9897746965289,1770.5300038,5th_freq,x,qcmi_sample
-206.5800015963614,1775.5694678,5th_freq,x,qcmi_sample
-206.43449409678578,1780.6250776,5th_freq,x,qcmi_sample
-205.98721169680357,1785.6670188,5th_freq,x,qcmi_sample
-206.4762405976653,1790.7017651,5th_freq,x,qcmi_sample
-206.54588999599218,1795.7424685,5th_freq,x,qcmi_sample
-205.94539439678192,1800.7812084,5th_freq,x,qcmi_sample
-206.445953797549,1805.8212329,5th_freq,x,qcmi_sample
-205.86055759713054,1810.8809168,5th_freq,x,qcmi_sample
-206.6277131959796,1815.9277122,5th_freq,x,qcmi_sample
-206.99663049727678,1820.9728532000001,5th_freq,x,qcmi_sample
-205.84192459657788,1826.0262203,5th_freq,x,qcmi_sample
-206.69200889766216,1831.0760423000002,5th_freq,x,qcmi_sample
-206.08486829698086,1836.1260867,5th_freq,x,qcmi_sample
-206.50857849791646,1841.1830828,5th_freq,x,qcmi_sample
-205.96961989626288,1846.2322194,5th_freq,x,qcmi_sample
-206.6028748974204,1851.2748357,5th_freq,x,qcmi_sample
-207.01098449900746,1856.3265876,5th_freq,x,qcmi_sample
-205.8919113986194,1861.3667209,5th_freq,x,qcmi_sample
-206.4212399981916,1866.4128075,5th_freq,x,qcmi_sample
-205.74997189641,1871.4628805,5th_freq,x,qcmi_sample
-206.7090476974845,1876.5189028,5th_freq,x,qcmi_sample
-206.80298489704728,1881.5527149,5th_freq,x,qcmi_sample
-206.80443319678307,1886.5967268,5th_freq,x,qcmi_sample
-206.25184889882803,1891.6401592,5th_freq,x,qcmi_sample
-206.08211159706116,1896.6781023,5th_freq,x,qcmi_sample
-205.98805909603834,1901.7127444,5th_freq,x,qcmi_sample
-206.35209829732776,1906.7363593,5th_freq,x,qcmi_sample
-205.94856729730964,1911.7752775000001,5th_freq,x,qcmi_sample
-206.84948919713497,1916.8093625000001,5th_freq,x,qcmi_sample
-206.36750819906592,1921.8569634,5th_freq,x,qcmi_sample
-206.43876799568534,1926.9008246,5th_freq,x,qcmi_sample
-205.96309649571776,1931.9490173000002,5th_freq,x,qcmi_sample
-275.4885995686054,912.9329934000001,7th_freq,x,qcmi_sample
-273.24026596546173,917.9829005,7th_freq,x,qcmi_sample
-277.2640871703625,923.0256154000001,7th_freq,x,qcmi_sample
-274.5362431704998,928.0577948,7th_freq,x,qcmi_sample
-273.97243366390467,933.0899356000001,7th_freq,x,qcmi_sample
-275.46948056668043,938.1235861,7th_freq,x,qcmi_sample
-274.5679115653038,943.1716848000001,7th_freq,x,qcmi_sample
-275.82834676653147,948.2162756,7th_freq,x,qcmi_sample
-276.31039306521416,953.2622939,7th_freq,x,qcmi_sample
-274.8012847676873,958.2971105,7th_freq,x,qcmi_sample
-275.306262768805,963.3456369,7th_freq,x,qcmi_sample
-274.79428976774216,968.4045591,7th_freq,x,qcmi_sample
-274.1389247700572,973.4527799000001,7th_freq,x,qcmi_sample
-276.2717043682933,978.4929701000001,7th_freq,x,qcmi_sample
-273.66974256932735,983.5312580000001,7th_freq,x,qcmi_sample
-274.0011253654957,988.5798036000001,7th_freq,x,qcmi_sample
-272.97776056826115,993.6148651000001,7th_freq,x,qcmi_sample
-275.881073564291,998.6498575,7th_freq,x,qcmi_sample
-274.37815346568823,1003.6898082,7th_freq,x,qcmi_sample
-275.56986086815596,1008.7298221000001,7th_freq,x,qcmi_sample
-276.4347994700074,1013.7782087,7th_freq,x,qcmi_sample
-274.9821410700679,1018.8282373000001,7th_freq,x,qcmi_sample
-273.62283366918564,1023.8680025000001,7th_freq,x,qcmi_sample
-275.4340176656842,1028.9062442,7th_freq,x,qcmi_sample
-275.57133696973324,1033.9479105,7th_freq,x,qcmi_sample
-273.9755730703473,1038.9921276,7th_freq,x,qcmi_sample
-273.1673290655017,1044.0225437000001,7th_freq,x,qcmi_sample
-274.1140561699867,1049.0720219,7th_freq,x,qcmi_sample
-273.9220179691911,1054.1166014,7th_freq,x,qcmi_sample
-275.5080401673913,1059.1626244000001,7th_freq,x,qcmi_sample
-276.7648035660386,1064.2134938000002,7th_freq,x,qcmi_sample
-275.61577006429434,1069.2497534000001,7th_freq,x,qcmi_sample
-275.8318519666791,1074.2839387000001,7th_freq,x,qcmi_sample
-275.0647826641798,1079.3332400000002,7th_freq,x,qcmi_sample
-275.5378463640809,1084.3817224,7th_freq,x,qcmi_sample
-276.74014326930046,1089.4214442,7th_freq,x,qcmi_sample
-277.25924936681986,1094.4644601,7th_freq,x,qcmi_sample
-275.6376817673445,1099.5152323,7th_freq,x,qcmi_sample
-274.02021776884794,1104.5582758,7th_freq,x,qcmi_sample
-273.788557164371,1109.618218,7th_freq,x,qcmi_sample
-275.36706607043743,1114.6742215000002,7th_freq,x,qcmi_sample
-276.4824154675007,1119.7295331,7th_freq,x,qcmi_sample
-275.1341076642275,1124.7695397,7th_freq,x,qcmi_sample
-276.54256957024336,1129.8167918000001,7th_freq,x,qcmi_sample
-277.2039626687765,1134.8584975,7th_freq,x,qcmi_sample
-275.7038076668978,1139.8926442,7th_freq,x,qcmi_sample
-275.6275105699897,1144.9459661,7th_freq,x,qcmi_sample
-276.13767746835947,1149.9774156,7th_freq,x,qcmi_sample
-276.40566596388817,1155.0287379000001,7th_freq,x,qcmi_sample
-277.28156296908855,1160.0672513,7th_freq,x,qcmi_sample
-274.6551154702902,1165.1081556000001,7th_freq,x,qcmi_sample
-274.9470110684633,1170.1529158,7th_freq,x,qcmi_sample
-275.8381582647562,1175.1874644,7th_freq,x,qcmi_sample
-276.4216493666172,1180.2371173000001,7th_freq,x,qcmi_sample
-274.8524501696229,1185.2820466,7th_freq,x,qcmi_sample
-274.9624312669039,1190.3309747,7th_freq,x,qcmi_sample
-276.5836389660835,1195.3788305,7th_freq,x,qcmi_sample
-276.06197026371956,1200.4108013,7th_freq,x,qcmi_sample
-276.24772936850786,1205.4659916,7th_freq,x,qcmi_sample
-276.2801619693637,1210.5223599,7th_freq,x,qcmi_sample
-275.68774146586657,1215.565452,7th_freq,x,qcmi_sample
-276.1820762678981,1220.6096837,7th_freq,x,qcmi_sample
-276.8757873699069,1225.6426516000001,7th_freq,x,qcmi_sample
-276.80498426407576,1230.6989676,7th_freq,x,qcmi_sample
-276.66985696554184,1235.7581491,7th_freq,x,qcmi_sample
-278.1057900637388,1240.7956313,7th_freq,x,qcmi_sample
-276.49554696679115,1245.8377457000001,7th_freq,x,qcmi_sample
-276.348147764802,1250.8789976,7th_freq,x,qcmi_sample
-278.4500863701105,1255.9189962,7th_freq,x,qcmi_sample
-274.3123195692897,1260.9692022000002,7th_freq,x,qcmi_sample
-274.33561516553164,1266.0091973,7th_freq,x,qcmi_sample
-276.05433366447687,1271.0434157,7th_freq,x,qcmi_sample
-274.91282756626606,1276.0778877,7th_freq,x,qcmi_sample
-276.2718173637986,1281.1079141,7th_freq,x,qcmi_sample
-277.0383390709758,1286.1503186,7th_freq,x,qcmi_sample
-277.73226837068796,1291.2039536,7th_freq,x,qcmi_sample
-277.0842579677701,1296.2572244,7th_freq,x,qcmi_sample
-277.1703411638737,1301.2873406,7th_freq,x,qcmi_sample
-277.5350403636694,1306.3219626,7th_freq,x,qcmi_sample
-276.4696598649025,1311.3644361000001,7th_freq,x,qcmi_sample
-277.2856394648552,1316.3984982,7th_freq,x,qcmi_sample
-274.5477811694145,1321.4384896000001,7th_freq,x,qcmi_sample
-277.85056256502867,1326.4791420000001,7th_freq,x,qcmi_sample
-275.9988725706935,1331.5354671,7th_freq,x,qcmi_sample
-278.52810026705265,1336.5918980000001,7th_freq,x,qcmi_sample
-275.7630075663328,1341.6457267,7th_freq,x,qcmi_sample
-279.4504110664129,1346.6813277,7th_freq,x,qcmi_sample
-277.5005152672529,1351.7140847,7th_freq,x,qcmi_sample
-276.94731286913157,1356.7606055,7th_freq,x,qcmi_sample
-277.0422687679529,1361.8032747,7th_freq,x,qcmi_sample
-275.8277722671628,1366.8474152000001,7th_freq,x,qcmi_sample
-279.2834530696273,1371.9008954,7th_freq,x,qcmi_sample
-277.1136019676924,1376.9552314,7th_freq,x,qcmi_sample
-277.2336182668805,1382.0020755,7th_freq,x,qcmi_sample
-276.8213027641177,1387.0455594,7th_freq,x,qcmi_sample
-277.4286477640271,1392.1005471,7th_freq,x,qcmi_sample
-277.18583476543427,1397.144217,7th_freq,x,qcmi_sample
-277.02471847087145,1402.1802332,7th_freq,x,qcmi_sample
-278.1173717677593,1407.2256782,7th_freq,x,qcmi_sample
-277.6057760640979,1412.2595129000001,7th_freq,x,qcmi_sample
-279.14847426861525,1417.2900129,7th_freq,x,qcmi_sample
-276.67881136387587,1422.3239482000001,7th_freq,x,qcmi_sample
-277.9477050676942,1427.3682602000001,7th_freq,x,qcmi_sample
-277.77450297027826,1432.4196381000002,7th_freq,x,qcmi_sample
-277.20472326874733,1437.4675893,7th_freq,x,qcmi_sample
-277.71475176513195,1442.5159350000001,7th_freq,x,qcmi_sample
-277.7372766658664,1447.5702965,7th_freq,x,qcmi_sample
-277.55954276770353,1452.6282912000001,7th_freq,x,qcmi_sample
-279.3161582648754,1457.6720458,7th_freq,x,qcmi_sample
-278.74778717011213,1462.7120367,7th_freq,x,qcmi_sample
-277.7088993638754,1467.7589125,7th_freq,x,qcmi_sample
-277.62833346426487,1472.8042293,7th_freq,x,qcmi_sample
-276.9953396692872,1477.8459853000002,7th_freq,x,qcmi_sample
-278.47767847031355,1482.9001893,7th_freq,x,qcmi_sample
-276.88770696520805,1487.9434083,7th_freq,x,qcmi_sample
-279.7895920649171,1492.9879146,7th_freq,x,qcmi_sample
-278.4255011677742,1498.0382124,7th_freq,x,qcmi_sample
-278.49158097058535,1503.091339,7th_freq,x,qcmi_sample
-278.7493397668004,1508.1480833,7th_freq,x,qcmi_sample
-277.6241911649704,1513.1928429,7th_freq,x,qcmi_sample
-278.60962226986885,1518.2278373000001,7th_freq,x,qcmi_sample
-277.7428211644292,1523.2607125,7th_freq,x,qcmi_sample
-276.9508119672537,1528.3049311,7th_freq,x,qcmi_sample
-278.5711852684617,1533.3548552,7th_freq,x,qcmi_sample
-278.46868547052145,1538.3884532,7th_freq,x,qcmi_sample
-278.90438006818295,1543.4275962000002,7th_freq,x,qcmi_sample
-277.235910564661,1548.4577135,7th_freq,x,qcmi_sample
-277.5994890704751,1553.5045552000001,7th_freq,x,qcmi_sample
-279.27926436811686,1558.5426602,7th_freq,x,qcmi_sample
-276.9676000699401,1563.5866258,7th_freq,x,qcmi_sample
-276.6463600695133,1568.6208696,7th_freq,x,qcmi_sample
-278.74376606941223,1573.6805592,7th_freq,x,qcmi_sample
-277.39921586960554,1578.7245747,7th_freq,x,qcmi_sample
-278.94991086423397,1583.7566339,7th_freq,x,qcmi_sample
-277.7552002668381,1588.8066481,7th_freq,x,qcmi_sample
-277.9887917637825,1593.8550204,7th_freq,x,qcmi_sample
-275.9146059677005,1598.8950295,7th_freq,x,qcmi_sample
-277.68799287080765,1603.9435774,7th_freq,x,qcmi_sample
-277.7126781642437,1608.9927219,7th_freq,x,qcmi_sample
-277.2945197671652,1614.0230729,7th_freq,x,qcmi_sample
-279.19975847005844,1619.0597623,7th_freq,x,qcmi_sample
-278.4850397706032,1624.1087206,7th_freq,x,qcmi_sample
-277.5284294709563,1629.1489393000002,7th_freq,x,qcmi_sample
-279.24887067079544,1634.1967878,7th_freq,x,qcmi_sample
-278.3181781694293,1639.2563445,7th_freq,x,qcmi_sample
-278.8475085645914,1644.3133468,7th_freq,x,qcmi_sample
-278.3019912689924,1649.3630446,7th_freq,x,qcmi_sample
-277.87395107001066,1654.4031449000001,7th_freq,x,qcmi_sample
-278.36284516751766,1659.4471647,7th_freq,x,qcmi_sample
-278.2110857665539,1664.5805761000001,7th_freq,x,qcmi_sample
-277.0992615669966,1669.6293170000001,7th_freq,x,qcmi_sample
-278.9700753688812,1674.6724561,7th_freq,x,qcmi_sample
-278.0793489664793,1679.7123348,7th_freq,x,qcmi_sample
-279.09236446768045,1684.7594572,7th_freq,x,qcmi_sample
-279.7120191678405,1689.8041950000002,7th_freq,x,qcmi_sample
-277.8788159638643,1694.8416069,7th_freq,x,qcmi_sample
-277.48066506534815,1699.8906531,7th_freq,x,qcmi_sample
-278.7354094684124,1704.9389964,7th_freq,x,qcmi_sample
-278.8755225688219,1709.9931773,7th_freq,x,qcmi_sample
-278.9741019681096,1715.0525945,7th_freq,x,qcmi_sample
-279.28049946576357,1720.1048336000001,7th_freq,x,qcmi_sample
-280.60478096455336,1725.1485677,7th_freq,x,qcmi_sample
-279.34440786391497,1730.1956631,7th_freq,x,qcmi_sample
-278.8930029645562,1735.2395729,7th_freq,x,qcmi_sample
-279.8064110651612,1740.2853578000002,7th_freq,x,qcmi_sample
-277.975252866745,1745.3181579,7th_freq,x,qcmi_sample
-279.9529043659568,1750.356716,7th_freq,x,qcmi_sample
-279.3792932704091,1755.397379,7th_freq,x,qcmi_sample
-278.2129399701953,1760.447337,7th_freq,x,qcmi_sample
-278.68020186573267,1765.4909261,7th_freq,x,qcmi_sample
-279.01617296785116,1770.5300038,7th_freq,x,qcmi_sample
-279.18730786442757,1775.5694678,7th_freq,x,qcmi_sample
-279.5045825690031,1780.6250776,7th_freq,x,qcmi_sample
-277.5660394653678,1785.6670188,7th_freq,x,qcmi_sample
-279.30946476757526,1790.7017651,7th_freq,x,qcmi_sample
-278.5223519653082,1795.7424685,7th_freq,x,qcmi_sample
-280.0672411695123,1800.7812084,7th_freq,x,qcmi_sample
-280.3367899656296,1805.8212329,7th_freq,x,qcmi_sample
-280.4027122706175,1810.8809168,7th_freq,x,qcmi_sample
-280.27777476608753,1815.9277122,7th_freq,x,qcmi_sample
-278.7173220664263,1820.9728532000001,7th_freq,x,qcmi_sample
-281.2123320698738,1826.0262203,7th_freq,x,qcmi_sample
-280.77449836581945,1831.0760423000002,7th_freq,x,qcmi_sample
-281.9531520679593,1836.1260867,7th_freq,x,qcmi_sample
-278.32624796777964,1841.1830828,7th_freq,x,qcmi_sample
-281.96009416878223,1846.2322194,7th_freq,x,qcmi_sample
-281.0210848674178,1851.2748357,7th_freq,x,qcmi_sample
-279.3966144695878,1856.3265876,7th_freq,x,qcmi_sample
-278.7246363684535,1861.3667209,7th_freq,x,qcmi_sample
-278.6258398666978,1866.4128075,7th_freq,x,qcmi_sample
-278.46644067019224,1871.4628805,7th_freq,x,qcmi_sample
-279.96447606384754,1876.5189028,7th_freq,x,qcmi_sample
-278.2302548661828,1881.5527149,7th_freq,x,qcmi_sample
-279.5933750644326,1886.5967268,7th_freq,x,qcmi_sample
-278.28557726740837,1891.6401592,7th_freq,x,qcmi_sample
-279.39634896814823,1896.6781023,7th_freq,x,qcmi_sample
-279.55689016729593,1901.7127444,7th_freq,x,qcmi_sample
-279.3411128669977,1906.7363593,7th_freq,x,qcmi_sample
-279.16338396817446,1911.7752775000001,7th_freq,x,qcmi_sample
-278.81316116452217,1916.8093625000001,7th_freq,x,qcmi_sample
-278.3611295670271,1921.8569634,7th_freq,x,qcmi_sample
-279.89569406956434,1926.9008246,7th_freq,x,qcmi_sample
-279.86820286512375,1931.9490173000002,7th_freq,x,qcmi_sample
-352.4938217177987,912.9329934000001,9th_freq,x,qcmi_sample
-345.63376681506634,917.9829005,9th_freq,x,qcmi_sample
-351.1000491157174,923.0256154000001,9th_freq,x,qcmi_sample
-345.19396221637726,928.0577948,9th_freq,x,qcmi_sample
-348.5251561179757,933.0899356000001,9th_freq,x,qcmi_sample
-343.84949991852045,938.1235861,9th_freq,x,qcmi_sample
-347.29945001751184,943.1716848000001,9th_freq,x,qcmi_sample
-352.2814514115453,948.2162756,9th_freq,x,qcmi_sample
-353.66062381863594,953.2622939,9th_freq,x,qcmi_sample
-349.5491214171052,958.2971105,9th_freq,x,qcmi_sample
-350.11646911501884,963.3456369,9th_freq,x,qcmi_sample
-342.9217129126191,968.4045591,9th_freq,x,qcmi_sample
-345.8034411147237,973.4527799000001,9th_freq,x,qcmi_sample
-348.8856016173959,978.4929701000001,9th_freq,x,qcmi_sample
-350.6350041180849,983.5312580000001,9th_freq,x,qcmi_sample
-351.6410218179226,988.5798036000001,9th_freq,x,qcmi_sample
-347.5384673178196,993.6148651000001,9th_freq,x,qcmi_sample
-350.04037231206894,998.6498575,9th_freq,x,qcmi_sample
-348.5254161134362,1003.6898082,9th_freq,x,qcmi_sample
-351.1126233115792,1008.7298221000001,9th_freq,x,qcmi_sample
-350.3279697149992,1013.7782087,9th_freq,x,qcmi_sample
-350.2316934168339,1018.8282373000001,9th_freq,x,qcmi_sample
-349.13133131712675,1023.8680025000001,9th_freq,x,qcmi_sample
-350.44456931203604,1028.9062442,9th_freq,x,qcmi_sample
-344.8386867120862,1033.9479105,9th_freq,x,qcmi_sample
-347.230027012527,1038.9921276,9th_freq,x,qcmi_sample
-348.67469461262226,1044.0225437000001,9th_freq,x,qcmi_sample
-346.30537201464176,1049.0720219,9th_freq,x,qcmi_sample
-351.42018181830645,1054.1166014,9th_freq,x,qcmi_sample
-351.0815732181072,1059.1626244000001,9th_freq,x,qcmi_sample
-350.65079391747713,1064.2134938000002,9th_freq,x,qcmi_sample
-348.475484713912,1069.2497534000001,9th_freq,x,qcmi_sample
-345.738059617579,1074.2839387000001,9th_freq,x,qcmi_sample
-350.2194123119116,1079.3332400000002,9th_freq,x,qcmi_sample
-347.3370243161917,1084.3817224,9th_freq,x,qcmi_sample
-351.296837516129,1089.4214442,9th_freq,x,qcmi_sample
-351.47919311374426,1094.4644601,9th_freq,x,qcmi_sample
-351.7153941169381,1099.5152323,9th_freq,x,qcmi_sample
-350.80686911195517,1104.5582758,9th_freq,x,qcmi_sample
-352.4397534132004,1109.618218,9th_freq,x,qcmi_sample
-349.3579402118921,1114.6742215000002,9th_freq,x,qcmi_sample
-344.2477301135659,1119.7295331,9th_freq,x,qcmi_sample
-351.4513880163431,1124.7695397,9th_freq,x,qcmi_sample
-349.87050391733646,1129.8167918000001,9th_freq,x,qcmi_sample
-349.8342312127352,1134.8584975,9th_freq,x,qcmi_sample
-348.5890718176961,1139.8926442,9th_freq,x,qcmi_sample
-345.79510701447725,1144.9459661,9th_freq,x,qcmi_sample
-348.0987321138382,1149.9774156,9th_freq,x,qcmi_sample
-350.1672479137778,1155.0287379000001,9th_freq,x,qcmi_sample
-351.0657310113311,1160.0672513,9th_freq,x,qcmi_sample
-349.648705214262,1165.1081556000001,9th_freq,x,qcmi_sample
-352.60837031155825,1170.1529158,9th_freq,x,qcmi_sample
-344.3027721121907,1175.1874644,9th_freq,x,qcmi_sample
-356.3106419146061,1180.2371173000001,9th_freq,x,qcmi_sample
-346.4648236185312,1185.2820466,9th_freq,x,qcmi_sample
-353.45963551849127,1190.3309747,9th_freq,x,qcmi_sample
-350.2332621142268,1195.3788305,9th_freq,x,qcmi_sample
-347.4702422171831,1200.4108013,9th_freq,x,qcmi_sample
-353.3911726176739,1205.4659916,9th_freq,x,qcmi_sample
-352.07502841204405,1210.5223599,9th_freq,x,qcmi_sample
-351.7588279172778,1215.565452,9th_freq,x,qcmi_sample
-353.59777441620827,1220.6096837,9th_freq,x,qcmi_sample
-349.96125131845474,1225.6426516000001,9th_freq,x,qcmi_sample
-352.450467415154,1230.6989676,9th_freq,x,qcmi_sample
-350.2788757160306,1235.7581491,9th_freq,x,qcmi_sample
-347.9829985126853,1240.7956313,9th_freq,x,qcmi_sample
-349.04827201366425,1245.8377457000001,9th_freq,x,qcmi_sample
-353.78960621356964,1250.8789976,9th_freq,x,qcmi_sample
-352.5021718144417,1255.9189962,9th_freq,x,qcmi_sample
-356.72965451329947,1260.9692022000002,9th_freq,x,qcmi_sample
-352.8701998144388,1266.0091973,9th_freq,x,qcmi_sample
-353.64649441838264,1271.0434157,9th_freq,x,qcmi_sample
-357.72233821451664,1276.0778877,9th_freq,x,qcmi_sample
-356.55586641281843,1281.1079141,9th_freq,x,qcmi_sample
-350.2937240153551,1286.1503186,9th_freq,x,qcmi_sample
-351.1312554180622,1291.2039536,9th_freq,x,qcmi_sample
-351.2398663163185,1296.2572244,9th_freq,x,qcmi_sample
-349.1490339115262,1301.2873406,9th_freq,x,qcmi_sample
-345.80104791373014,1306.3219626,9th_freq,x,qcmi_sample
-353.58196421712637,1311.3644361000001,9th_freq,x,qcmi_sample
-354.41627721488476,1316.3984982,9th_freq,x,qcmi_sample
-353.435699313879,1321.4384896000001,9th_freq,x,qcmi_sample
-355.50603311508894,1326.4791420000001,9th_freq,x,qcmi_sample
-350.36544651538134,1331.5354671,9th_freq,x,qcmi_sample
-348.42394141852856,1336.5918980000001,9th_freq,x,qcmi_sample
-347.3330010175705,1341.6457267,9th_freq,x,qcmi_sample
-352.91766641288996,1346.6813277,9th_freq,x,qcmi_sample
-351.93015971779823,1351.7140847,9th_freq,x,qcmi_sample
-352.52174031734467,1356.7606055,9th_freq,x,qcmi_sample
-350.9626507163048,1361.8032747,9th_freq,x,qcmi_sample
-354.23270151764154,1366.8474152000001,9th_freq,x,qcmi_sample
-352.3480314165354,1371.9008954,9th_freq,x,qcmi_sample
-354.5325038135052,1376.9552314,9th_freq,x,qcmi_sample
-354.40795171260834,1382.0020755,9th_freq,x,qcmi_sample
-354.13137271255255,1387.0455594,9th_freq,x,qcmi_sample
-344.6353709176183,1392.1005471,9th_freq,x,qcmi_sample
-351.9170033186674,1397.144217,9th_freq,x,qcmi_sample
-350.5524840131402,1402.1802332,9th_freq,x,qcmi_sample
-352.9300370141864,1407.2256782,9th_freq,x,qcmi_sample
-357.14278281480074,1412.2595129000001,9th_freq,x,qcmi_sample
-350.6393670141697,1417.2900129,9th_freq,x,qcmi_sample
-349.7457294166088,1422.3239482000001,9th_freq,x,qcmi_sample
-351.04791321605444,1427.3682602000001,9th_freq,x,qcmi_sample
-348.8623269125819,1432.4196381000002,9th_freq,x,qcmi_sample
-350.734706915915,1437.4675893,9th_freq,x,qcmi_sample
-346.83556831628084,1442.5159350000001,9th_freq,x,qcmi_sample
-353.42227601259947,1447.5702965,9th_freq,x,qcmi_sample
-347.95802791416645,1452.6282912000001,9th_freq,x,qcmi_sample
-354.0806471183896,1457.6720458,9th_freq,x,qcmi_sample
-352.478178717196,1462.7120367,9th_freq,x,qcmi_sample
-353.40083541721106,1467.7589125,9th_freq,x,qcmi_sample
-350.49530701339245,1472.8042293,9th_freq,x,qcmi_sample
-357.63266901671886,1477.8459853000002,9th_freq,x,qcmi_sample
-357.6205416172743,1482.9001893,9th_freq,x,qcmi_sample
-354.369507111609,1487.9434083,9th_freq,x,qcmi_sample
-352.8309161141515,1492.9879146,9th_freq,x,qcmi_sample
-351.5234042182565,1498.0382124,9th_freq,x,qcmi_sample
-352.8996744155884,1503.091339,9th_freq,x,qcmi_sample
-350.2669875174761,1508.1480833,9th_freq,x,qcmi_sample
-355.94289291650057,1513.1928429,9th_freq,x,qcmi_sample
-354.42412581294775,1518.2278373000001,9th_freq,x,qcmi_sample
-348.2697381153703,1523.2607125,9th_freq,x,qcmi_sample
-351.98791141808033,1528.3049311,9th_freq,x,qcmi_sample
-352.3789504170418,1533.3548552,9th_freq,x,qcmi_sample
-354.25393291562796,1538.3884532,9th_freq,x,qcmi_sample
-353.8572961166501,1543.4275962000002,9th_freq,x,qcmi_sample
-355.50240291655064,1548.4577135,9th_freq,x,qcmi_sample
-354.3182048127055,1553.5045552000001,9th_freq,x,qcmi_sample
-355.7714917138219,1558.5426602,9th_freq,x,qcmi_sample
-352.2120848149061,1563.5866258,9th_freq,x,qcmi_sample
-353.0604853183031,1568.6208696,9th_freq,x,qcmi_sample
-356.56869081407785,1573.6805592,9th_freq,x,qcmi_sample
-354.1189968138933,1578.7245747,9th_freq,x,qcmi_sample
-353.13646671175957,1583.7566339,9th_freq,x,qcmi_sample
-350.38981391489506,1588.8066481,9th_freq,x,qcmi_sample
-346.47530791163445,1593.8550204,9th_freq,x,qcmi_sample
-351.9760001152754,1598.8950295,9th_freq,x,qcmi_sample
-349.6014398187399,1603.9435774,9th_freq,x,qcmi_sample
-355.569823615253,1608.9927219,9th_freq,x,qcmi_sample
-356.07949271798134,1614.0230729,9th_freq,x,qcmi_sample
-351.22483941167593,1619.0597623,9th_freq,x,qcmi_sample
-352.04087771475315,1624.1087206,9th_freq,x,qcmi_sample
-356.44077921658754,1629.1489393000002,9th_freq,x,qcmi_sample
-352.12314361333847,1634.1967878,9th_freq,x,qcmi_sample
-354.9851546138525,1639.2563445,9th_freq,x,qcmi_sample
-350.16940281540155,1644.3133468,9th_freq,x,qcmi_sample
-355.7774589136243,1649.3630446,9th_freq,x,qcmi_sample
-351.9391650184989,1654.4031449000001,9th_freq,x,qcmi_sample
-352.27179031819105,1659.4471647,9th_freq,x,qcmi_sample
-353.08503621816635,1664.5805761000001,9th_freq,x,qcmi_sample
-352.399595618248,1669.6293170000001,9th_freq,x,qcmi_sample
-352.85842641443014,1674.6724561,9th_freq,x,qcmi_sample
-350.89045621454716,1679.7123348,9th_freq,x,qcmi_sample
-352.22555401176214,1684.7594572,9th_freq,x,qcmi_sample
-354.72130861133337,1689.8041950000002,9th_freq,x,qcmi_sample
-356.5718976184726,1694.8416069,9th_freq,x,qcmi_sample
-353.65667601674795,1699.8906531,9th_freq,x,qcmi_sample
-352.0672597140074,1704.9389964,9th_freq,x,qcmi_sample
-351.6819155141711,1709.9931773,9th_freq,x,qcmi_sample
-353.95475351810455,1715.0525945,9th_freq,x,qcmi_sample
-354.12023531645536,1720.1048336000001,9th_freq,x,qcmi_sample
-354.348934315145,1725.1485677,9th_freq,x,qcmi_sample
-351.6339570134878,1730.1956631,9th_freq,x,qcmi_sample
-355.0696824118495,1735.2395729,9th_freq,x,qcmi_sample
-352.81713991612196,1740.2853578000002,9th_freq,x,qcmi_sample
-357.4313565120101,1745.3181579,9th_freq,x,qcmi_sample
-354.85022661834955,1750.356716,9th_freq,x,qcmi_sample
-348.59504671394825,1755.397379,9th_freq,x,qcmi_sample
-353.1557637155056,1760.447337,9th_freq,x,qcmi_sample
-351.1106832176447,1765.4909261,9th_freq,x,qcmi_sample
-358.1231515184045,1770.5300038,9th_freq,x,qcmi_sample
-355.0560882166028,1775.5694678,9th_freq,x,qcmi_sample
-351.31082271784544,1780.6250776,9th_freq,x,qcmi_sample
-352.03681671619415,1785.6670188,9th_freq,x,qcmi_sample
-355.39892461150885,1790.7017651,9th_freq,x,qcmi_sample
-351.93501591682434,1795.7424685,9th_freq,x,qcmi_sample
-350.5813156142831,1800.7812084,9th_freq,x,qcmi_sample
-354.5824259147048,1805.8212329,9th_freq,x,qcmi_sample
-354.22922041267157,1810.8809168,9th_freq,x,qcmi_sample
-356.5937261134386,1815.9277122,9th_freq,x,qcmi_sample
-354.59601551294327,1820.9728532000001,9th_freq,x,qcmi_sample
-352.35890401154757,1826.0262203,9th_freq,x,qcmi_sample
-356.8860205113888,1831.0760423000002,9th_freq,x,qcmi_sample
-355.7334349155426,1836.1260867,9th_freq,x,qcmi_sample
-354.99421641230583,1841.1830828,9th_freq,x,qcmi_sample
-349.60973081737757,1846.2322194,9th_freq,x,qcmi_sample
-354.18140621483326,1851.2748357,9th_freq,x,qcmi_sample
-359.7892163172364,1856.3265876,9th_freq,x,qcmi_sample
-354.1820946186781,1861.3667209,9th_freq,x,qcmi_sample
-347.8275412172079,1866.4128075,9th_freq,x,qcmi_sample
-353.0788612142205,1871.4628805,9th_freq,x,qcmi_sample
-351.45513071864843,1876.5189028,9th_freq,x,qcmi_sample
-353.14184771478176,1881.5527149,9th_freq,x,qcmi_sample
-354.74042581766844,1886.5967268,9th_freq,x,qcmi_sample
-352.54207891225815,1891.6401592,9th_freq,x,qcmi_sample
-352.06755001842976,1896.6781023,9th_freq,x,qcmi_sample
-349.7898032143712,1901.7127444,9th_freq,x,qcmi_sample
-355.71853041648865,1906.7363593,9th_freq,x,qcmi_sample
-354.8679843172431,1911.7752775000001,9th_freq,x,qcmi_sample
-356.9908019155264,1916.8093625000001,9th_freq,x,qcmi_sample
-350.45134771615267,1921.8569634,9th_freq,x,qcmi_sample
-353.8085943162441,1926.9008246,9th_freq,x,qcmi_sample
-352.4309326186776,1931.9490173000002,9th_freq,x,qcmi_sample
-407.00054363161325,912.9329934000001,11th_freq,x,qcmi_sample
-412.3814742267132,917.9829005,11th_freq,x,qcmi_sample
-416.6456001251936,923.0256154000001,11th_freq,x,qcmi_sample
-414.14864502847195,928.0577948,11th_freq,x,qcmi_sample
-416.0124718248844,933.0899356000001,11th_freq,x,qcmi_sample
-411.962532825768,938.1235861,11th_freq,x,qcmi_sample
-417.2275916263461,943.1716848000001,11th_freq,x,qcmi_sample
-412.26270262897015,948.2162756,11th_freq,x,qcmi_sample
-408.8009918257594,953.2622939,11th_freq,x,qcmi_sample
-411.1217475309968,958.2971105,11th_freq,x,qcmi_sample
-418.9124364256859,963.3456369,11th_freq,x,qcmi_sample
-413.5709393322468,968.4045591,11th_freq,x,qcmi_sample
-409.0887368321419,973.4527799000001,11th_freq,x,qcmi_sample
-411.34523963183165,978.4929701000001,11th_freq,x,qcmi_sample
-409.06918492913246,983.5312580000001,11th_freq,x,qcmi_sample
-413.73099482804537,988.5798036000001,11th_freq,x,qcmi_sample
-409.85650163143873,993.6148651000001,11th_freq,x,qcmi_sample
-408.159166932106,998.6498575,11th_freq,x,qcmi_sample
-415.12739042937756,1003.6898082,11th_freq,x,qcmi_sample
-415.571192227304,1008.7298221000001,11th_freq,x,qcmi_sample
-412.89625573158264,1013.7782087,11th_freq,x,qcmi_sample
-408.3706203252077,1018.8282373000001,11th_freq,x,qcmi_sample
-408.387888930738,1023.8680025000001,11th_freq,x,qcmi_sample
-411.70662082731724,1028.9062442,11th_freq,x,qcmi_sample
-409.21540413051844,1033.9479105,11th_freq,x,qcmi_sample
-408.965215831995,1038.9921276,11th_freq,x,qcmi_sample
-411.4361274316907,1044.0225437000001,11th_freq,x,qcmi_sample
-411.5023197308183,1049.0720219,11th_freq,x,qcmi_sample
-410.2577142268419,1054.1166014,11th_freq,x,qcmi_sample
-413.99562452733517,1059.1626244000001,11th_freq,x,qcmi_sample
-411.5962540283799,1064.2134938000002,11th_freq,x,qcmi_sample
-414.17550882697105,1069.2497534000001,11th_freq,x,qcmi_sample
-407.66762463003397,1074.2839387000001,11th_freq,x,qcmi_sample
-412.32883832603693,1079.3332400000002,11th_freq,x,qcmi_sample
-416.11658453196287,1084.3817224,11th_freq,x,qcmi_sample
-412.69157122820616,1089.4214442,11th_freq,x,qcmi_sample
-413.212340131402,1094.4644601,11th_freq,x,qcmi_sample
-412.9692929312587,1099.5152323,11th_freq,x,qcmi_sample
-414.62527903169394,1104.5582758,11th_freq,x,qcmi_sample
-409.36829252541065,1109.618218,11th_freq,x,qcmi_sample
-417.32741782814264,1114.6742215000002,11th_freq,x,qcmi_sample
-412.48165042698383,1119.7295331,11th_freq,x,qcmi_sample
-410.5014470294118,1124.7695397,11th_freq,x,qcmi_sample
-411.3276320248842,1129.8167918000001,11th_freq,x,qcmi_sample
-412.07780262827873,1134.8584975,11th_freq,x,qcmi_sample
-411.85322942584753,1139.8926442,11th_freq,x,qcmi_sample
-411.45622942596674,1144.9459661,11th_freq,x,qcmi_sample
-409.92835982888937,1149.9774156,11th_freq,x,qcmi_sample
-411.1637830287218,1155.0287379000001,11th_freq,x,qcmi_sample
-411.14735773205757,1160.0672513,11th_freq,x,qcmi_sample
-412.0609634295106,1165.1081556000001,11th_freq,x,qcmi_sample
-410.17902022600174,1170.1529158,11th_freq,x,qcmi_sample
-414.00422032922506,1175.1874644,11th_freq,x,qcmi_sample
-411.51052132993937,1180.2371173000001,11th_freq,x,qcmi_sample
-416.6512096300721,1185.2820466,11th_freq,x,qcmi_sample
-411.6204594299197,1190.3309747,11th_freq,x,qcmi_sample
-413.8168571293354,1195.3788305,11th_freq,x,qcmi_sample
-411.7485913261771,1200.4108013,11th_freq,x,qcmi_sample
-414.92426912486553,1205.4659916,11th_freq,x,qcmi_sample
-412.20581892877817,1210.5223599,11th_freq,x,qcmi_sample
-411.84045162796974,1215.565452,11th_freq,x,qcmi_sample
-414.0509359315038,1220.6096837,11th_freq,x,qcmi_sample
-411.1423105299473,1225.6426516000001,11th_freq,x,qcmi_sample
-415.3329182267189,1230.6989676,11th_freq,x,qcmi_sample
-413.4551370292902,1235.7581491,11th_freq,x,qcmi_sample
-411.43100272864103,1240.7956313,11th_freq,x,qcmi_sample
-416.9234681278467,1245.8377457000001,11th_freq,x,qcmi_sample
-414.31048502773046,1250.8789976,11th_freq,x,qcmi_sample
-412.4937676265836,1255.9189962,11th_freq,x,qcmi_sample
-414.7109410315752,1260.9692022000002,11th_freq,x,qcmi_sample
-413.7702631279826,1266.0091973,11th_freq,x,qcmi_sample
-415.17926163226366,1271.0434157,11th_freq,x,qcmi_sample
-412.2939063310623,1276.0778877,11th_freq,x,qcmi_sample
-411.67911203205585,1281.1079141,11th_freq,x,qcmi_sample
-417.5360617265105,1286.1503186,11th_freq,x,qcmi_sample
-408.8653879314661,1291.2039536,11th_freq,x,qcmi_sample
-409.1860599294305,1296.2572244,11th_freq,x,qcmi_sample
-410.91530192643404,1301.2873406,11th_freq,x,qcmi_sample
-418.5053625255823,1306.3219626,11th_freq,x,qcmi_sample
-415.11238192766905,1311.3644361000001,11th_freq,x,qcmi_sample
-414.2186531275511,1316.3984982,11th_freq,x,qcmi_sample
-413.37936222553253,1321.4384896000001,11th_freq,x,qcmi_sample
-413.34293212741613,1326.4791420000001,11th_freq,x,qcmi_sample
-419.9546238258481,1331.5354671,11th_freq,x,qcmi_sample
-416.29117722809315,1336.5918980000001,11th_freq,x,qcmi_sample
-412.83236782997847,1341.6457267,11th_freq,x,qcmi_sample
-416.9589651301503,1346.6813277,11th_freq,x,qcmi_sample
-413.8304379284382,1351.7140847,11th_freq,x,qcmi_sample
-410.8995075300336,1356.7606055,11th_freq,x,qcmi_sample
-421.13568092882633,1361.8032747,11th_freq,x,qcmi_sample
-414.09269823133945,1366.8474152000001,11th_freq,x,qcmi_sample
-418.7803411260247,1371.9008954,11th_freq,x,qcmi_sample
-414.00697092711926,1376.9552314,11th_freq,x,qcmi_sample
-413.7311515286565,1382.0020755,11th_freq,x,qcmi_sample
-414.6150736287236,1387.0455594,11th_freq,x,qcmi_sample
-414.56363002955914,1392.1005471,11th_freq,x,qcmi_sample
-414.85038062930107,1397.144217,11th_freq,x,qcmi_sample
-416.2451318278909,1402.1802332,11th_freq,x,qcmi_sample
-415.44340662658215,1407.2256782,11th_freq,x,qcmi_sample
-414.7671623304486,1412.2595129000001,11th_freq,x,qcmi_sample
-415.59357162564993,1417.2900129,11th_freq,x,qcmi_sample
-416.78038542717695,1422.3239482000001,11th_freq,x,qcmi_sample
-416.1411862298846,1427.3682602000001,11th_freq,x,qcmi_sample
-409.42120222747326,1432.4196381000002,11th_freq,x,qcmi_sample
-414.24195542931557,1437.4675893,11th_freq,x,qcmi_sample
-414.656403131783,1442.5159350000001,11th_freq,x,qcmi_sample
-416.32453032583,1447.5702965,11th_freq,x,qcmi_sample
-414.3736580312252,1452.6282912000001,11th_freq,x,qcmi_sample
-415.1790515258908,1457.6720458,11th_freq,x,qcmi_sample
-414.4930217266083,1462.7120367,11th_freq,x,qcmi_sample
-411.1488513275981,1467.7589125,11th_freq,x,qcmi_sample
-417.9381804317236,1472.8042293,11th_freq,x,qcmi_sample
-417.11050882935524,1477.8459853000002,11th_freq,x,qcmi_sample
-416.5196477249265,1482.9001893,11th_freq,x,qcmi_sample
-414.7466080263257,1487.9434083,11th_freq,x,qcmi_sample
-416.505893625319,1492.9879146,11th_freq,x,qcmi_sample
-413.2769714295864,1498.0382124,11th_freq,x,qcmi_sample
-415.0291394293308,1503.091339,11th_freq,x,qcmi_sample
-417.9913748279214,1508.1480833,11th_freq,x,qcmi_sample
-414.43580763041973,1513.1928429,11th_freq,x,qcmi_sample
-419.67313292622566,1518.2278373000001,11th_freq,x,qcmi_sample
-418.5416173264384,1523.2607125,11th_freq,x,qcmi_sample
-415.53623412549496,1528.3049311,11th_freq,x,qcmi_sample
-411.2843179255724,1533.3548552,11th_freq,x,qcmi_sample
-411.2623689249158,1538.3884532,11th_freq,x,qcmi_sample
-416.0858392268419,1543.4275962000002,11th_freq,x,qcmi_sample
-415.6794236302376,1548.4577135,11th_freq,x,qcmi_sample
-416.9517800286412,1553.5045552000001,11th_freq,x,qcmi_sample
-415.500257730484,1558.5426602,11th_freq,x,qcmi_sample
-415.53093703091145,1563.5866258,11th_freq,x,qcmi_sample
-413.5497893318534,1568.6208696,11th_freq,x,qcmi_sample
-421.9530656263232,1573.6805592,11th_freq,x,qcmi_sample
-416.4744781255722,1578.7245747,11th_freq,x,qcmi_sample
-418.9825138300657,1583.7566339,11th_freq,x,qcmi_sample
-416.8683796301484,1588.8066481,11th_freq,x,qcmi_sample
-417.8056494295597,1593.8550204,11th_freq,x,qcmi_sample
-417.1962704285979,1598.8950295,11th_freq,x,qcmi_sample
-417.8613574281335,1603.9435774,11th_freq,x,qcmi_sample
-415.39553302526474,1608.9927219,11th_freq,x,qcmi_sample
-418.0272850319743,1614.0230729,11th_freq,x,qcmi_sample
-418.28396512567997,1619.0597623,11th_freq,x,qcmi_sample
-418.81185572594404,1624.1087206,11th_freq,x,qcmi_sample
-415.73632522672415,1629.1489393000002,11th_freq,x,qcmi_sample
-411.4233501255512,1634.1967878,11th_freq,x,qcmi_sample
-417.2856369316578,1639.2563445,11th_freq,x,qcmi_sample
-423.0634492263198,1644.3133468,11th_freq,x,qcmi_sample
-419.2216595262289,1649.3630446,11th_freq,x,qcmi_sample
-411.76352313160896,1654.4031449000001,11th_freq,x,qcmi_sample
-415.01962672919035,1659.4471647,11th_freq,x,qcmi_sample
-419.75720313191414,1664.5805761000001,11th_freq,x,qcmi_sample
-416.51402623206377,1669.6293170000001,11th_freq,x,qcmi_sample
-413.798965126276,1674.6724561,11th_freq,x,qcmi_sample
-417.8837734311819,1679.7123348,11th_freq,x,qcmi_sample
-415.60942962765694,1684.7594572,11th_freq,x,qcmi_sample
-416.7709362283349,1689.8041950000002,11th_freq,x,qcmi_sample
-419.92724972963333,1694.8416069,11th_freq,x,qcmi_sample
-415.90040522813797,1699.8906531,11th_freq,x,qcmi_sample
-420.9893349260092,1704.9389964,11th_freq,x,qcmi_sample
-419.28598833084106,1709.9931773,11th_freq,x,qcmi_sample
-420.51095152646303,1715.0525945,11th_freq,x,qcmi_sample
-419.7539232298732,1720.1048336000001,11th_freq,x,qcmi_sample
-419.56109742820263,1725.1485677,11th_freq,x,qcmi_sample
-418.48680982738733,1730.1956631,11th_freq,x,qcmi_sample
-414.53461692482233,1735.2395729,11th_freq,x,qcmi_sample
-419.45182432979345,1740.2853578000002,11th_freq,x,qcmi_sample
-418.42527312785387,1745.3181579,11th_freq,x,qcmi_sample
-421.08726342767477,1750.356716,11th_freq,x,qcmi_sample
-419.11032743006945,1755.397379,11th_freq,x,qcmi_sample
-420.16827892512083,1760.447337,11th_freq,x,qcmi_sample
-417.9191253259778,1765.4909261,11th_freq,x,qcmi_sample
-422.27356892824173,1770.5300038,11th_freq,x,qcmi_sample
-419.1635647267103,1775.5694678,11th_freq,x,qcmi_sample
-417.5819911286235,1780.6250776,11th_freq,x,qcmi_sample
-419.20162492990494,1785.6670188,11th_freq,x,qcmi_sample
-418.6151542291045,1790.7017651,11th_freq,x,qcmi_sample
-419.2838998287916,1795.7424685,11th_freq,x,qcmi_sample
-420.8123365268111,1800.7812084,11th_freq,x,qcmi_sample
-424.2904551252723,1805.8212329,11th_freq,x,qcmi_sample
-417.9064786285162,1810.8809168,11th_freq,x,qcmi_sample
-420.0200015306473,1815.9277122,11th_freq,x,qcmi_sample
-419.8610980287194,1820.9728532000001,11th_freq,x,qcmi_sample
-415.59505132585764,1826.0262203,11th_freq,x,qcmi_sample
-420.9570338279009,1831.0760423000002,11th_freq,x,qcmi_sample
-420.0276821255684,1836.1260867,11th_freq,x,qcmi_sample
-417.95754922926426,1841.1830828,11th_freq,x,qcmi_sample
-422.93172013014555,1846.2322194,11th_freq,x,qcmi_sample
-422.3722966313362,1851.2748357,11th_freq,x,qcmi_sample
-417.367332726717,1856.3265876,11th_freq,x,qcmi_sample
-420.6688476279378,1861.3667209,11th_freq,x,qcmi_sample
-417.39849013090134,1866.4128075,11th_freq,x,qcmi_sample
-420.28904062509537,1871.4628805,11th_freq,x,qcmi_sample
-416.9964342266321,1876.5189028,11th_freq,x,qcmi_sample
-423.1461499258876,1881.5527149,11th_freq,x,qcmi_sample
-421.7742205262184,1886.5967268,11th_freq,x,qcmi_sample
-416.193388029933,1891.6401592,11th_freq,x,qcmi_sample
-419.1762505248189,1896.6781023,11th_freq,x,qcmi_sample
-419.98278672993183,1901.7127444,11th_freq,x,qcmi_sample
-418.52775663137436,1906.7363593,11th_freq,x,qcmi_sample
-415.52203772962093,1911.7752775000001,11th_freq,x,qcmi_sample
-418.5392578318715,1916.8093625000001,11th_freq,x,qcmi_sample
-419.89635483175516,1921.8569634,11th_freq,x,qcmi_sample
-420.7405344322324,1926.9008246,11th_freq,x,qcmi_sample
-419.1032930314541,1931.9490173000002,11th_freq,x,qcmi_sample
