overtone,Ddis_mean,Ddis_std_dev,Ddis_median,range_name,x_lower,x_upper,data_source
fundamental_dis,0.0000000000000000E+00,0.0000000000000000E+00,0.0000000000000000E+00,test2,0.0000000000000000E+00,0.0000000000000000E+00,raw_data/Formatted-QSense-BSA-exp.csv
3rd_dis,1.0681524974501121E-05,2.3074229475771274E-07,1.0668874834459107E-05,test2,4861.46351,5002.815210000001,raw_data/Formatted-QSense-BSA-exp.csv
5th_dis,1.0515476748108027E-05,2.9539184473042835E-07,1.0511009801370214E-05,test2,4861.46351,5002.815210000001,raw_data/Formatted-QSense-BSA-exp.csv
7th_dis,1.0248284815701110E-05,2.6426486710591044E-07,1.0260491258278143E-05,test2,4861.46351,5002.815210000001,raw_data/Formatted-QSense-BSA-exp.csv
9th_dis,1.0475457063072342E-05,3.9967025997912511E-07,1.0467586754876545E-05,test2,4861.46351,5002.815210000001,raw_data/Formatted-QSense-BSA-exp.csv
11th_dis,1.0914116570736931E-05,2.9072008772986214E-07,1.0901333377483425E-05,test2,4861.46351,5002.815210000001,raw_data/Formatted-QSense-BSA-exp.csv
13th_dis,1.0639693762314145E-05,5.2220023572103273E-07,1.0660446983602661E-05,test2,4861.46351,5002.815210000001,raw_data/Formatted-QSense-BSA-exp.csv
