overtone,Dfreq_mean,Dfreq_std_dev,Dfreq_median,range_name,x_lower,x_upper,data_source
fundamental_freq,0.0000000000000000E+00,0.0000000000000000E+00,0.0000000000000000E+00,test,0.0000000000000000E+00,0.0000000000000000E+00,raw_data/Formatted-QSense-BSA-exp.csv
3rd_freq,1.4854449741180537E+07,5.9955397880293110E-02,1.4854449743420001E+07,test,4028.30003,4389.41163,raw_data/Formatted-QSense-BSA-exp.csv
5th_freq,2.4753469456962854E+07,7.2565355142880053E-02,2.4753469457915001E+07,test,4028.30003,4389.41163,raw_data/Formatted-QSense-BSA-exp.csv
7th_freq,3.4651183942023963E+07,7.8582817366264227E-02,3.4651183944765002E+07,test,4028.30003,4389.41163,raw_data/Formatted-QSense-BSA-exp.csv
9th_freq,4.4549845562834635E+07,9.0149890591217266E-02,4.4549845561409995E+07,test,4028.30003,4389.41163,raw_data/Formatted-QSense-BSA-exp.csv
11th_freq,5.4448337868583679E+07,7.1491264608872715E-02,5.4448337868540004E+07,test,4028.30003,4389.41163,raw_data/Formatted-QSense-BSA-exp.csv
13th_freq,6.4347623042699821E+07,1.3806355435621837E-01,6.4347623047440000E+07,test,4028.30003,4389.41163,raw_data/Formatted-QSense-BSA-exp.csv
