overtone,Ddis_mean,Ddis_std_dev,Ddis_median,range_name,x_lower,x_upper,data_source
fundamental_dis,0.0000000000000000E+00,0.0000000000000000E+00,0.0000000000000000E+00,test,0.0000000000000000E+00,0.0000000000000000E+00,raw_data/Formatted-QSense-BSA-exp.csv
3rd_dis,1.7394443923074757E-10,2.3572174583770655E-13,1.7393979999994999E-10,test,4028.30003,4389.41163,raw_data/Formatted-QSense-BSA-exp.csv
5th_dis,1.3570621989006450E-10,2.9990058299803791E-13,1.3570614999995001E-10,test,4028.30003,4389.41163,raw_data/Formatted-QSense-BSA-exp.csv
7th_dis,1.1257865197802198E-10,3.0538429472243751E-13,1.1257370000000000E-10,test,4028.30003,4389.41163,raw_data/Formatted-QSense-BSA-exp.csv
9th_dis,9.9796809560429657E-11,3.9747859957392220E-13,9.9794049999999997E-11,test,4028.30003,4389.41163,raw_data/Formatted-QSense-BSA-exp.csv
11th_dis,9.0740548351648354E-11,2.7840636355247650E-13,9.0742099999999999E-11,test,4028.30003,4389.41163,raw_data/Formatted-QSense-BSA-exp.csv
13th_dis,8.5395441352786814E-11,4.6559649661946254E-13,8.5401749999999999E-11,test,4028.30003,4389.41163,raw_data/Formatted-QSense-BSA-exp.csv
