n*Df,bandwidth_shift,bandwidth_shift_FIT,range_name,data_source
-6.86759366E+01,7.90432848E+01,7.30799652E+01,test2,raw_data/Formatted-QSense-BSA-exp.csv
-1.11404193E+02,1.29866138E+02,1.30355552E+02,test2,raw_data/Formatted-QSense-BSA-exp.csv
-1.52173880E+02,1.77295327E+02,1.85005752E+02,test2,raw_data/Formatted-QSense-BSA-exp.csv
-1.92345074E+02,2.33078920E+02,2.38853695E+02,test2,raw_data/Formatted-QSense-BSA-exp.csv
-2.31210983E+02,2.96863971E+02,2.90951953E+02,test2,raw_data/Formatted-QSense-BSA-exp.csv
-2.67776687E+02,3.42066154E+02,3.39966876E+02,test2,raw_data/Formatted-QSense-BSA-exp.csv
